url,currency,price,price_unit_scale,title,address,facilities,k. tidur,k. mandi,l. tanah,l. bangunan,carport,tipe properti,sertifikat,daya listrik,jumlah lantai,tahun dibangun,kondisi properti,kondisi perabotan,hadap,id iklan,kt. pembantu,garasi,km. pembantu,bedrooms,bathrooms,land size,building size,carports,certificate,electricity,garages,floors,building age,property condition,furnishing,maid bedrooms,maid bathrooms,building orientation
https://www.rumah123.com/properti/depok/hos11177717/#qid~365f5b2f-3b74-4287-8233-2a80ca5c16b5,Rp,595,Juta,RUMAH SIAP HUNI DI EXITE TOLL PAMULANG.,"Cinangka, Depok"," Jalur Telepon, AC, Track Lari,  Taman,  CCTV, Ac, Taman, Jogging Track,  Masjid, CCTV, Jalur Telepon,  Keamanan",2,1,72 m²,48 m²,1,rumah,shm - sertifikat hak milik,1300 mah,1,2022,baru,unfurnished,barat,hos11177717,,,,,,,,,,,,,,,,,,
https://www.rumah123.com/properti/depok/hos11178026/#qid~365f5b2f-3b74-4287-8233-2a80ca5c16b5,Rp,592,Juta,RUMAH  DEKAT THE PARK SAWANGAN.,"Cinangka, Depok"," Ac,  Jogging Track, Track Lari, Kolam Renang,  Taman, AC,  Masjid, Jalur Telepon,  Keamanan",2,1,70 m²,48 m²,1,rumah,shm - sertifikat hak milik,1300 mah,1,2022,baru,unfurnished,selatan,hos11178026,,,,,,,,,,,,,,,,,,
https://www.rumah123.com/properti/depok/hos10945805/#qid~365f5b2f-3b74-4287-8233-2a80ca5c16b5,Rp,"1,45",Miliar,Rumah Idaman Tanah Luas Termurah di Citralake Sawangan Rsa082201,"Sawangan, Depok","Keamanan,  Taman, AC",2,2,144 m²,68 m²,2,rumah,"lainnya (ppjb,girik,adat,dll)",2200 mah,1,2016,bagus,semi furnished,utara,hos10945805,,,,,,,,,,,,,,,,,,
https://www.rumah123.com/properti/depok/hos10889975/#qid~365f5b2f-3b74-4287-8233-2a80ca5c16b5,Rp,900,Juta,Rumah 2 lantai cimanggis depok,"Cimanggis, Depok","Jalur Telepon, Ac",4,2,178 m²,135 m²,1,rumah,shm - sertifikat hak milik,2200 mah,2,,bagus,unfurnished,,hos10889975,,,,,,,,,,,,,,,,,,
https://www.rumah123.com/properti/depok/hos6488062/#qid~365f5b2f-3b74-4287-8233-2a80ca5c16b5,Rp,839,Juta,"Rumah Mewah 2 Lantai Harga Ekonomis di Cimanggis, Depok","Cimanggis, Depok","Tempat Jemuran,  One Gate System, Akses Parkir, Keamanan 24 jam,  Taman,  Playground, Jalur Telepon",3,2,70 m²,69 m²,,rumah,shm - sertifikat hak milik,2200 mah,2,2020,baru,unfurnished,timur,hos6488062,1,2,,,,,,,,,,,,,,,,
https://www.rumah123.com/properti/depok/hos8174525/#qid~365f5b2f-3b74-4287-8233-2a80ca5c16b5,Rp,400,Juta,Rumah Siap Huni Akses Mobil Cuma 10 Menit Ke Stasiun Depok,"Pancoran Mas, Depok","Tempat Jemuran, Akses Parkir,  Taman, Taman, Jalur Telepon",2,1,68 m²,45 m²,1,rumah,shm - sertifikat hak milik,1300 mah,1,2022,baru,unfurnished,utara,hos8174525,,,,,,,,,,,,,,,,,,
https://www.rumah123.com/properti/depok/hos11054056/#qid~365f5b2f-3b74-4287-8233-2a80ca5c16b5,Rp,200,Juta,Rumah mewah harga murah lokasi strategis,"Sawangan, Depok","Masjid, Taman",2,1,50 m²,36 m²,1,rumah,shm - sertifikat hak milik,1300 mah,1,2022,bagus sekali,semi furnished,selatan,hos11054056,,1,,,,,,,,,,,,,,,,
https://www.rumah123.com/properti/depok/hos10680431/#qid~365f5b2f-3b74-4287-8233-2a80ca5c16b5,Rp,295,Juta,Rumah ex kantor di Limo,"Limo, Depok",Taman,2,1,70 m²,45 m²,1,rumah,shm - sertifikat hak milik,1300 mah,1,2019,butuh renovasi,unfurnished,,hos10680431,,,,,,,,,,,,,,,,,,
https://www.rumah123.com/properti/depok/hos9706438/#qid~365f5b2f-3b74-4287-8233-2a80ca5c16b5,Rp,"6,85",Miliar,Rumah Mewah Siap Huni Lokasi Sangat Strategis Di Cinere.,"Cinere, Depok","Keamanan, Taman",3,3,500 m²,460 m²,4,rumah,hgb - hak guna bangunan,7700 mah,2,,bagus sekali,unfurnished,,hos9706438,1,,1,,,,,,,,,,,,,,,
https://www.rumah123.com/properti/depok/hos11170070/#qid~365f5b2f-3b74-4287-8233-2a80ca5c16b5,Rp,559,Juta,Potongan Dp 30 Juta Rumah Nuansa Bali 13 Menit Stasiun Depok Lama,"Cilodong, Depok","Taman, Wastafel, Keamanan 24 jam, AC",2,1,74 m²,36 m²,,rumah,shm - sertifikat hak milik,,1,2022,baru,unfurnished,,hos11170070,,,,,,,,,,,,,,,,,,
https://www.rumah123.com/properti/depok/hos11169983/#qid~365f5b2f-3b74-4287-8233-2a80ca5c16b5,Rp,559,Juta,Rumah Dp 0 di Citayam Free Ac Dan Tv 15 Menit Stasiun Citayam,"Citayam, Depok","Kitchen Set, Taman, AC",2,1,74 m²,36 m²,,rumah,shm - sertifikat hak milik,1300 mah,1,2022,baru,unfurnished,,hos11169983,,,,,,,,,,,,,,,,,,
https://www.rumah123.com/properti/depok/hos10910353/#qid~365f5b2f-3b74-4287-8233-2a80ca5c16b5,Rp,"1,6",Miliar,Rumah Nempel Kampus Ui Depok Dan Tol Kukusan Beji Siap Huni Lho,"Beji, Depok"," Jalur Telepon, Tempat Jemuran,  Taman, Taman, AC, Jalur Telepon",4,3,100 m²,120 m²,1,rumah,shm - sertifikat hak milik,2200 mah,2,2022,baru,semi furnished,selatan,hos10910353,,,,,,,,,,,,,,,,,,
https://www.rumah123.com/properti/depok/hos11167240/#qid~365f5b2f-3b74-4287-8233-2a80ca5c16b5,Rp,"3,95",Miliar,Rumah 2 Lantai Bagus Semi Furnished di Villa Cinere Mas,"Cinere, Depok","Kolam Ikan, Taman",3,3,300 m²,250 m²,1,rumah,shm - sertifikat hak milik,4400 mah,2,,bagus,semi furnished,,hos11167240,2,,1,,,,,,,,,,,,,,,
https://www.rumah123.com/properti/depok/hos11113611/#qid~365f5b2f-3b74-4287-8233-2a80ca5c16b5,Rp,995,Juta,Rumah 2 Lantai SHM di Kalimulya Cilodong depok,"Cilodong, Depok"," Ac,  Taman,  CCTV, Jogging Track,  Masjid, Jalur Telepon,  Keamanan",3,3,95 m²,100 m²,2,rumah,shm - sertifikat hak milik,2200 mah,2,2022,baru,unfurnished,timur,hos11113611,,2,,,,,,,,,,,,,,,,
https://www.rumah123.com/properti/depok/hos9079733/#qid~76ce0e84-4396-4d75-b2fc-42ebc8ebf9b5,Rp,"1,8",Miliar,TERMURAH RUMAH MEWAH DEKAT MALL DAN AKSES TOL!! DI SELATAN JAKARTA SUTERA SAWANGAN,"Sawangan, Depok"," Jogging Track, Track Lari,  Kolam Renang, Keamanan 24 jam,  Taman, Kolam Renang, Taman, Jalur Telepon, Keamanan",5,4,112 m²,120 m²,,rumah,shm - sertifikat hak milik,2200 mah,2,2021,baru,semi furnished,timur laut,hos9079733,1,4,1,,,,,,,,,,,,,,,
https://www.rumah123.com/properti/depok/hos8522591/#qid~76ce0e84-4396-4d75-b2fc-42ebc8ebf9b5,Rp,"1,9",Miliar,RUMAH BAGUS DALAM KOMPLEK MEGAPOLITAN CINERE ESTATE DEKAT LAZUARDI,"Cinere, Depok"," Jalur Telepon, Masjid, Keamanan,  Taman",3,3,150 m²,220 m²,2,rumah,shm - sertifikat hak milik,2200 mah,2,2021,baru,,timur,hos8522591,1,,1,,,,,,,,,,,,,,,
https://www.rumah123.com/properti/depok/hos10991944/#qid~76ce0e84-4396-4d75-b2fc-42ebc8ebf9b5,Rp,"6,2",Miliar,Rumah Keren 2 Lantai Komplek Elit Jalan Lebar 10 Menit Ke Mrt,"Cinere, Depok"," Jalur Telepon,  Taman, Jogging Track,  Masjid, Keamanan",4,3,710 m²,388 m²,2,rumah,shm - sertifikat hak milik,3500 mah,2,2000,bagus,unfurnished,timur,hos10991944,2,2,1,,,,,,,,,,,,,,,
https://www.rumah123.com/properti/depok/hos2831213/#qid~76ce0e84-4396-4d75-b2fc-42ebc8ebf9b5,Rp,"5,8",Miliar,Rumah Cinere Jalan Depan Lebar Kolam Renang Besar Area Keren,"Cinere, Depok"," Jalur Telepon,  Ac,  Kolam Renang, Masjid,  Taman, Keamanan",4,3,540 m²,350 m²,2,rumah,shm - sertifikat hak milik,,1,2005,bagus,unfurnished,selatan,hos2831213,1,2,1,,,,,,,,,,,,,,,
https://www.rumah123.com/properti/depok/hos11105516/#qid~76ce0e84-4396-4d75-b2fc-42ebc8ebf9b5,Rp,410,Juta,Rumah 1 Lantai Yang Sejuk Ala Eropa di Citayam Dekat Rs Citama,"Citayam, Depok","Tempat Jemuran, Track Lari,  One Gate System, Keamanan 24 jam, Taman, Wastafel, AC",2,1,65 m²,36 m²,1,rumah,shm - sertifikat hak milik,1300 mah,1,2022,baru,unfurnished,barat daya,hos11105516,,,,,,,,,,,,,,,,,,
https://www.rumah123.com/properti/depok/hos10925554/#qid~76ce0e84-4396-4d75-b2fc-42ebc8ebf9b5,Rp,750,Juta,Rumah Minimalis Gardens candi Sawangan,"Sawangan, Depok","Ac,  Taman,  Kolam Renang, Keamanan",2,1,66 m²,50 m²,1,rumah,shm - sertifikat hak milik,1300 mah,1,2021,bagus,semi furnished,utara,hos10925554,,,,,,,,,,,,,,,,,,
https://www.rumah123.com/properti/depok/hos10968990/#qid~76ce0e84-4396-4d75-b2fc-42ebc8ebf9b5,Rp,372,Juta,Hunian asri dalam  perumahan  besar dekat stasiun Citayam akses mobil,"Citayam, Depok","Keamanan 24 jam, Masjid, Keamanan,  Taman",2,1,75 m²,27 m²,1,rumah,shm - sertifikat hak milik,1300 mah,1,2019,baru,unfurnished,timur,hos10968990,,,,,,,,,,,,,,,,,,
https://www.rumah123.com/properti/depok/hos11301785/#qid~76ce0e84-4396-4d75-b2fc-42ebc8ebf9b5,Rp,650,Juta,Rumah 1 Lantai 700 meter dari Mall Park Sawangan,"Sawangan, Depok","Ac, AC",,,,,,rumah,,,,,,,,hos11301785,,,,3,1,119 m²,80 m²,1,shm - sertifikat hak milik,2200 mah,1,1,2010,bagus,unfurnished,,,
https://www.rumah123.com/properti/depok/hos10741575/#qid~76ce0e84-4396-4d75-b2fc-42ebc8ebf9b5,Rp,550,Juta,Rumah Nyaman Strategis Siap Huni Akses 2 Mobil Lega di Bojongsari,"Cinangka, Depok"," Jalur Telepon,  Ac, Masjid,  Taman,  CCTV, Jogging Track,  Keamanan",2,1,72 m²,50 m²,1,rumah,shm - sertifikat hak milik,1300 mah,1,2022,baru,unfurnished,,hos10741575,,1,,,,,,,,,,,,,,,,
https://www.rumah123.com/properti/depok/hos11307044/#qid~76ce0e84-4396-4d75-b2fc-42ebc8ebf9b5,Rp,680,Juta,"Rumah 1,5 lantai semi furnish dekat stasiun Depok .","Cinangka, Depok"," Jalur Telepon,  Jogging Track, Track Lari, Masjid, Keamanan 24 jam,  Taman,  CCTV, Ac, Taman, AC, CCTV, Jalur Telepon,  Keamanan",2,1,70 m²,45 m²,1,rumah,shm - sertifikat hak milik,2200 mah,1,2022,baru,semi furnished,selatan,hos11307044,,1,,,,,,,,,,,,,,,,
https://www.rumah123.com/properti/depok/hos11305814/#qid~76ce0e84-4396-4d75-b2fc-42ebc8ebf9b5,Rp,965,Juta,RUMAH SIAP HUNI DI EXIT TOL PAMULANG,"Cinangka, Depok"," Jalur Telepon,  Jogging Track, Track Lari, Masjid, Keamanan 24 jam,  Taman, Ac, Taman, AC,  Masjid, CCTV, Jalur Telepon,  Keamanan",3,2,70 m²,115 m²,1,rumah,shm - sertifikat hak milik,2200 mah,2,2022,baru,unfurnished,selatan,hos11305814,,,,,,,,,,,,,,,,,,
https://www.rumah123.com/properti/depok/hos11281187/#qid~76ce0e84-4396-4d75-b2fc-42ebc8ebf9b5,Rp,800,Juta,"Rumah Termurah 2 Lantai di Krukut, Depok","Krukut, Depok"," Ac,  Jogging Track, Track Lari,  Taman, Taman, AC,  Masjid, CCTV, Jalur Telepon,  Keamanan",3,2,80 m²,70 m²,1,rumah,shm - sertifikat hak milik,1300 mah,2,2022,baru,furnished,timur,hos11281187,,,,,,,,,,,,,,,,,,
https://www.rumah123.com/properti/depok/hos10930248/#qid~76ce0e84-4396-4d75-b2fc-42ebc8ebf9b5,Rp,950,Juta,Rumah 1 Lantai Baru Renov 5 Menit Ke Stasiun Depok Lama,"Cipayung, Depok","Masjid, Keamanan",2,1,120 m²,57 m²,1,rumah,shm - sertifikat hak milik,2200 mah,1,2013,bagus sekali,unfurnished,selatan,hos10930248,,,,,,,,,,,,,,,,,,
https://www.rumah123.com/properti/depok/hos11160606/#qid~76ce0e84-4396-4d75-b2fc-42ebc8ebf9b5,Rp,"1,2",Miliar,"Ruma Siap Huni di Depok, Dekat Pintutol Cijago","Kelapa Dua, Depok","Keamanan, Keamanan 24 jam",4,3,117 m²,165 m²,1,rumah,shm - sertifikat hak milik,2200 mah,2,2021,baru,unfurnished,,hos11160606,,,,,,,,,,,,,,,,,,
https://www.rumah123.com/properti/depok/hos11046958/#qid~76ce0e84-4396-4d75-b2fc-42ebc8ebf9b5,Rp,"3,3",Miliar,"Rumah mewah 4,5 lantai split level dalam komplek besar strategis","Cimanggis, Depok","Ac, Taman, AC",5,4,280 m²,400 m²,2,rumah,shm - sertifikat hak milik,3300 mah,4,2021,bagus sekali,semi furnished,,hos11046958,,2,1,,,,,,,,,,,,,,,
https://www.rumah123.com/properti/depok/hos10646703/#qid~76ce0e84-4396-4d75-b2fc-42ebc8ebf9b5,Rp,"2,28",Miliar,Bisa Cicil Sampai 20 Tahun Rumah Mewah Idaman Anak Muda Sudah Fully Furnished Super Lengkap di Lokasi Sangat Strategis di Jalan Utama Keamanan Terjamin Developer Alam Sutera,"Sawangan, Depok"," Jalur Telepon,  Jogging Track,  AC, Kolam Renang,  Taman,  CCTV, Keamanan",3,3,110 m²,103 m²,2,rumah,shm - sertifikat hak milik,5500 mah,2,2021,baru,furnished,selatan,hos10646703,1,,1,,,,,,,,,,,,,,,
https://www.rumah123.com/properti/depok/hos9739692/#qid~76ce0e84-4396-4d75-b2fc-42ebc8ebf9b5,Rp,"1,67",Miliar,Rumah Viral Cuma 10 Jutaan Cicilan Nyaman di Hati Sutera Sawangan Modern Mewah Lokasi Sangat Strategis Dekat Mall,"Sawangan, Depok"," Jalur Telepon,  Jogging Track,  AC, Masjid, Kolam Renang,  Taman,  CCTV,  Keamanan",3,2,96 m²,103 m²,2,rumah,shm - sertifikat hak milik,2200 mah,2,2021,baru,unfurnished,selatan,hos9739692,1,,1,,,,,,,,,,,,,,,
https://www.rumah123.com/properti/depok/hos9739657/#qid~76ce0e84-4396-4d75-b2fc-42ebc8ebf9b5,Rp,"1,41",Miliar,Cuma 8 Jutaan Perbulan Bisa Cicil 20 Tahun Rumah Super Cluster Eksklusif Lokasi Terdepan di Pusat Kota Sawangan Selangkah Ke Mall Dan Exit Toll,"Sawangan, Depok"," Jalur Telepon,  Jogging Track,  Kolam Renang,  Taman, AC,  Masjid, CCTV,  Keamanan",3,2,84 m²,85 m²,2,rumah,shm - sertifikat hak milik,2200 mah,2,2021,baru,unfurnished,timur,hos9739657,,,,,,,,,,,,,,,,,,
https://www.rumah123.com/properti/depok/hos9739711/#qid~76ce0e84-4396-4d75-b2fc-42ebc8ebf9b5,Rp,"1,33",Miliar,Cuma 8 Jutaan Perbulan Bisa Cicil Sampai 20 Tahun Rumah Cantik Furnished Lokasi Super Strategis Sangat Dekat Dengan Toll Dan Mall Sutera Sawangan Persembahan Alam Sutera,"Sawangan, Depok"," Jogging Track,  Kolam Renang,  Taman,  Masjid, CCTV, Jalur Telepon,  Keamanan",2,2,84 m²,75 m²,2,rumah,shm - sertifikat hak milik,2200 mah,2,2021,baru,unfurnished,selatan,hos9739711,,,,,,,,,,,,,,,,,,
https://www.rumah123.com/properti/depok/hos10646667/#qid~e2fd375c-9055-42a6-a2aa-920eb4f1b090,Rp,"1,94",Miliar,Cicilan Super Panjanggg Sampai 20 Tahun Rumah Fully Furnished Lengkap Tinggal Bawa Koper Rumah Modern Lokasi Super Strategis di Jalan Utama Dengan Keamanan Sangat Terjamin,"Sawangan, Depok"," Jalur Telepon,  Jogging Track,  AC,  CCTV, Taman, Keamanan",2,2,106 m²,75 m²,1,rumah,shm - sertifikat hak milik,5500 mah,2,2021,baru,furnished,selatan,hos10646667,,,,,,,,,,,,,,,,,,
https://www.rumah123.com/properti/depok/hos10646886/#qid~e2fd375c-9055-42a6-a2aa-920eb4f1b090,Rp,"2,79",Miliar,Rumah Nyaman Dan Mewah Bisa Cicil 20 Tahun di Super Cluster Lokasi di Jalan Utama Keamanan Terjamin Lokasi Terdepan Bebas Banjir,"Sawangan, Depok"," Jogging Track, Kolam Renang,  Taman,  CCTV, Keamanan",4,4,129 m²,120 m²,2,rumah,shm - sertifikat hak milik,5500 mah,2,2021,baru,furnished,selatan,hos10646886,1,,1,,,,,,,,,,,,,,,
https://www.rumah123.com/properti/depok/hos9450315/#qid~e2fd375c-9055-42a6-a2aa-920eb4f1b090,Rp,"1,33",Miliar,Promo Cicilan 8 Jutaan Perbulan Free Biaya Akad Rumah Cluster Terlaris Alam Sutera Furnished Lokasi Dekat Dengan Toll Dan Mall Keamanan Terjamin,"Sawangan, Depok"," Jalur Telepon,  Jogging Track,  Kolam Renang,  CCTV, Taman, AC,  Keamanan",3,3,84 m²,75 m²,2,rumah,shm - sertifikat hak milik,2200 mah,2,2022,baru,semi furnished,timur,hos9450315,,,,,,,,,,,,,,,,,,
https://www.rumah123.com/properti/depok/hos11231876/#qid~e2fd375c-9055-42a6-a2aa-920eb4f1b090,Rp,"4,5",Miliar,"Rumah Bagus SHM di Blok M - Kawasan Mega Cinere , Depok","Cinere, Depok","Tempat Jemuran, Lapangan Bulu Tangkis,  One Gate System,  AC, Masjid, Kitchen Set, Keamanan 24 jam,  Taman,  CCTV, Taman, Wastafel, Lapangan Basket",4,3,387 m²,175 m²,,rumah,shm - sertifikat hak milik,3500 mah,1,,bagus,unfurnished,utara,hos11231876,,2,,,,,,,,,,,,,,,,
https://www.rumah123.com/properti/depok/hos11162858/#qid~e2fd375c-9055-42a6-a2aa-920eb4f1b090,Rp,895,Juta,Rumah design keren Semi Furnished di Pancoran Mas Depok,"Pancoran Mas, Depok"," Ac,  Jogging Track, Track Lari, Masjid, Keamanan 24 jam,  Taman, Taman, AC,  Masjid, CCTV, Jalur Telepon,  Keamanan",3,2,89 m²,75 m²,1,rumah,shm - sertifikat hak milik,2200 mah,1,2022,baru,semi furnished,timur,hos11162858,,1,,,,,,,,,,,,,,,,
https://www.rumah123.com/properti/depok/hos11121644/#qid~e2fd375c-9055-42a6-a2aa-920eb4f1b090,Rp,375,Juta,Rumah Murah Akses Dekat Stasiun Citayam,"Citayam, Depok"," One Gate System, Akses Parkir, Keamanan 24 jam,  CCTV, Taman,  Playground",2,1,75 m²,27 m²,1,rumah,hp - hak pakai,1300 mah,1,,,unfurnished,,hos11121644,,1,,,,,,,,,,,,,,,,
https://www.rumah123.com/properti/depok/hos11162854/#qid~e2fd375c-9055-42a6-a2aa-920eb4f1b090,Rp,725,Juta,"Rumah 2 Lantai di Abdul Gani Setu Cilodong Depok, Depok","Cilodong, Depok","Taman, Wastafel, One Gate System, AC",3,2,66 m²,56 m²,2,rumah,shm - sertifikat hak milik,2200 mah,2,2022,,unfurnished,timur,hos11162854,,,,,,,,,,,,,,,,,,
https://www.rumah123.com/properti/depok/hos11159913/#qid~e2fd375c-9055-42a6-a2aa-920eb4f1b090,Rp,699,Juta,Rumah nyaman 2 lantai dekat GDC dekat Setu Cilodong Depok,"Cilodong, Depok","Tempat Jemuran,  Ac,  Taman, Taman, One Gate System, AC, Jalur Telepon",3,2,66 m²,56 m²,2,rumah,shm - sertifikat hak milik,2200 mah,2,2022,baru,unfurnished,timur,hos11159913,,,,,,,,,,,,,,,,,,
https://www.rumah123.com/properti/depok/hos8876269/#qid~e2fd375c-9055-42a6-a2aa-920eb4f1b090,Rp,"1,09",Miliar,Rumah Nyaman Strategis Siap Huni di Selatan Jakarta,"Cinere, Depok"," Jalur Telepon,  Ac,  CCTV, Taman, AC,  Masjid, CCTV, Jalur Telepon, Keamanan",3,4,72 m²,110 m²,1,rumah,shm - sertifikat hak milik,2200 mah,2,2022,baru,unfurnished,,hos8876269,,1,,,,,,,,,,,,,,,,
https://www.rumah123.com/properti/depok/hos9169784/#qid~e2fd375c-9055-42a6-a2aa-920eb4f1b090,Rp,680,Juta,Rumah Siap Huni Akses 2 Mobil Ke Pintu Tol di Pancoran Mas,"Cinere, Depok"," Ac,  Jogging Track, Track Lari,  CCTV, Taman, AC,  Masjid, CCTV, Jalur Telepon,  Keamanan",2,2,60 m²,70 m²,1,rumah,shm - sertifikat hak milik,2200 mah,2,2022,baru,semi furnished,,hos9169784,,1,,,,,,,,,,,,,,,,
https://www.rumah123.com/properti/depok/hos11142288/#qid~e2fd375c-9055-42a6-a2aa-920eb4f1b090,Rp,508,Juta,"Rumah Baru SHM di Pasir Putih Dekat Pintu Tol, Depok","Sawangan, Depok","Tempat Jemuran,  One Gate System, Keamanan 24 jam,  CCTV, Taman,  Playground, Wastafel",2,1,72 m²,45 m²,1,rumah,shm - sertifikat hak milik,2200 mah,1,,baru,unfurnished,timur,hos11142288,,1,,,,,,,,,,,,,,,,
https://www.rumah123.com/properti/depok/hos10395994/#qid~e2fd375c-9055-42a6-a2aa-920eb4f1b090,Rp,"2,75",Miliar,Rumah Asri Siap Huni Di Dalam Perumahan Yang Nyaman Di Cinere,"Cinere, Depok","Tempat Jemuran, Taman, Keamanan 24 jam",3,3,187 m²,200 m²,2,rumah,shm - sertifikat hak milik,,,,bagus,semi furnished,,hos10395994,,,,,,,,,,,,,,,,,,
https://www.rumah123.com/properti/depok/hos11159073/#qid~e2fd375c-9055-42a6-a2aa-920eb4f1b090,Rp,"1,65",Miliar,Rumah 2 Lantai Furnished di Jl Musholla At Taqwa,"Cinere, Depok","Tempat Jemuran, Track Lari,  One Gate System, Kitchen Set, Keamanan 24 jam,  Taman, Taman, Wastafel,  Pemanas Air, Jalur Telepon",3,3,78 m²,110 m²,,rumah,shm - sertifikat hak milik,3500 mah,2,,,furnished,,hos11159073,,,,,,,,,,,,,,,,,,
https://www.rumah123.com/properti/depok/hos10396077/#qid~e2fd375c-9055-42a6-a2aa-920eb4f1b090,Rp,995,Juta,Rumah di Depok Dekat Kampus Ui 5 Menit Dari Exit Tol Kukusan Beji,"Beji, Depok"," Jalur Telepon, Masjid,  CCTV, Taman, CCTV, Jalur Telepon,  Keamanan",3,2,72 m²,75 m²,2,rumah,shm - sertifikat hak milik,2200 mah,2,2022,bagus,unfurnished,timur,hos10396077,,,,,,,,,,,,,,,,,,
https://www.rumah123.com/properti/depok/hos10023073/#qid~e2fd375c-9055-42a6-a2aa-920eb4f1b090,Rp,"2,28",Miliar,Rumah 2 Lantai Harga Terbaik di Yve Habitat Strategis Bisa Kpr,"Cinere, Depok","Keamanan, Taman",2,2,120 m²,83 m²,,rumah,shm - sertifikat hak milik,2200 mah,2,,,unfurnished,,hos10023073,,1,,,,,,,,,,,,,,,,
https://www.rumah123.com/properti/depok/hos11099561/#qid~e2fd375c-9055-42a6-a2aa-920eb4f1b090,Rp,"1,5",Miliar,Rumah Di Cinere Perumahan Elit Jual Cepaaat Murahh Siapa Cepat Dia Dapat,"Cinere, Depok"," Jalur Telepon,  Jogging Track, Masjid,  Taman, Keamanan",3,3,120 m²,140 m²,1,rumah,shm - sertifikat hak milik,2200 mah,2,2017,bagus sekali,unfurnished,selatan,hos11099561,1,1,1,,,,,,,,,,,,,,,
https://www.rumah123.com/properti/depok/hos11095366/#qid~e2fd375c-9055-42a6-a2aa-920eb4f1b090,Rp,"1,43",Miliar,di JUAL Rumah MURAH full FURNISHED dekat Tol ANDARA-KUKUSAN,"Tanah Baru, Depok","CCTV, Ac,  Taman",4,2,100 m²,90 m²,1,rumah,shm - sertifikat hak milik,2200 mah,2,2007,bagus sekali,furnished,,hos11095366,1,,1,,,,,,,,,,,,,,,
https://www.rumah123.com/properti/depok/hos9142687/#qid~fafcda64-9515-4f34-9a72-7e4ac7b4b122,Rp,930,Juta,Rumah Nyaman Siap Huni Dekat Tol Dekat Stasiun di Depok,"Pancoran Mas, Depok"," Jalur Telepon,  Ac,  CCTV, Taman, Jogging Track,  Masjid,  Keamanan",4,3,85 m²,120 m²,1,rumah,shm - sertifikat hak milik,2200 mah,2,2022,baru,unfurnished,,hos9142687,,1,,,,,,,,,,,,,,,,
https://www.rumah123.com/properti/depok/hos9377531/#qid~fafcda64-9515-4f34-9a72-7e4ac7b4b122,Rp,"1,5",Miliar,CICIL TANPA DP DAN TANPA BUNGA RUMAH MEWAH DEKAT MALL! SUTERA SAWANGAN SEMI FURNISHED,"Sawangan, Depok"," Jalur Telepon,  Ac, AC, Track Lari,  Kolam Renang, Keamanan 24 jam, Kolam Renang,  Taman,  CCTV, Taman, Jogging Track, CCTV, Jalur Telepon,  Keamanan",4,4,96 m²,103 m²,2,rumah,shm - sertifikat hak milik,2200 mah,2,2021,baru,semi furnished,timur,hos9377531,1,2,1,,,,,,,,,,,,,,,
https://www.rumah123.com/properti/depok/hos11298380/#qid~fafcda64-9515-4f34-9a72-7e4ac7b4b122,Rp,583,Juta,Dijual Rumah Baru 'Villa Casablanca' Sawangan Depok,"Sawangan, Depok","Keamanan, Taman",2,1,70 m²,34 m²,1,rumah,hgb - hak guna bangunan,,1,,baru,unfurnished,,hos11298380,,1,,,,,,,,,,,,,,,,
https://www.rumah123.com/properti/depok/hos11008495/#qid~fafcda64-9515-4f34-9a72-7e4ac7b4b122,Rp,"3,2",Miliar,Rumah Tinggal 2 Lantai Belakang Kampus Ui Dekat Pintu Tol Kukusan,"Kukusan, Depok","Taman, AC",4,3,268 m²,140 m²,1,rumah,shm - sertifikat hak milik,2200 mah,2,2020,bagus,unfurnished,barat,hos11008495,,2,,,,,,,,,,,,,,,,
https://www.rumah123.com/properti/depok/hos9595567/#qid~fafcda64-9515-4f34-9a72-7e4ac7b4b122,Rp,"1,65",Miliar,Rumah cantik strategis,"Cinere, Depok"," Ac, Jalur Telepon, Taman,  Keamanan",2,2,108 m²,150 m²,2,rumah,shm - sertifikat hak milik,,2,2016,bagus,,utara,hos9595567,1,,1,,,,,,,,,,,,,,,
https://www.rumah123.com/properti/depok/hos11295139/#qid~fafcda64-9515-4f34-9a72-7e4ac7b4b122,Rp,785,Juta,Di jual rumah di Bojongsari sawangan Depok,"Bojong Sari, Depok"," Kolam Renang, Keamanan 24 jam, Ac, Taman, AC,  Keamanan",3,2,84 m²,70 m²,1,rumah,shm - sertifikat hak milik,2200 mah,2,2021,bagus,unfurnished,barat laut,hos11295139,,,,,,,,,,,,,,,,,,
https://www.rumah123.com/properti/depok/hos10909790/#qid~fafcda64-9515-4f34-9a72-7e4ac7b4b122,Rp,"1,2",Miliar,Rumah asri,"Cinere, Depok","Keamanan, Taman",2,2,132 m²,90 m²,1,rumah,shm - sertifikat hak milik,2200 mah,1,2005,bagus,,selatan,hos10909790,1,1,1,,,,,,,,,,,,,,,
https://www.rumah123.com/properti/depok/hos11223344/#qid~fafcda64-9515-4f34-9a72-7e4ac7b4b122,Rp,865,Juta,Rumah 2 Lantai Semi Furnished dekat tol desari,"Pancoran Mas, Depok"," Ac,  Jogging Track, Track Lari,  CCTV, Taman, AC,  Masjid, CCTV, Jalur Telepon,  Keamanan",3,3,50 m²,80 m²,2,rumah,shm - sertifikat hak milik,2200 mah,2,2022,baru,semi furnished,timur,hos11223344,,,,,,,,,,,,,,,,,,
https://www.rumah123.com/properti/depok/hos10269309/#qid~fafcda64-9515-4f34-9a72-7e4ac7b4b122,Rp,662,Juta,Rumah murah 2 lntai lokasi dekat tol cibubur,"Cimanggis, Depok","CCTV, Ac",2,2,40 m²,52 m²,1,rumah,shm - sertifikat hak milik,2200 mah,2,2022,baru,unfurnished,selatan,hos10269309,,1,,,,,,,,,,,,,,,,
https://www.rumah123.com/properti/depok/hos10347273/#qid~fafcda64-9515-4f34-9a72-7e4ac7b4b122,Rp,622,Juta,Rumah cantik 2 lantai lokasi dekat tol pamulang,"Sawangan, Depok","Masjid, Keamanan",2,2,52 m²,63 m²,1,rumah,shm - sertifikat hak milik,2200 mah,2,2022,baru,,selatan,hos10347273,,1,,,,,,,,,,,,,,,,
https://www.rumah123.com/properti/depok/hos10605625/#qid~fafcda64-9515-4f34-9a72-7e4ac7b4b122,Rp,506,Juta,Rumah 2 Lntai depok lokasi dekat Tol cijago.,"Cilangkap, Depok"," Ac, CCTV, Keamanan",2,2,40 m²,46 m²,1,rumah,shm - sertifikat hak milik,2200 mah,2,2022,baru,unfurnished,selatan,hos10605625,,1,,,,,,,,,,,,,,,,
https://www.rumah123.com/properti/depok/hos11151781/#qid~fafcda64-9515-4f34-9a72-7e4ac7b4b122,Rp,"1,12",Miliar,Rumah 2 Lantai dekat tol Desari Pancoran Mas Depok,"Pancoran Mas, Depok"," Ac,  Jogging Track, Track Lari,  CCTV, Taman, AC,  Masjid, CCTV, Jalur Telepon,  Keamanan",3,3,72 m²,100 m²,1,rumah,shm - sertifikat hak milik,2200 mah,2,2022,baru,unfurnished,timur,hos11151781,,2,,,,,,,,,,,,,,,,
https://www.rumah123.com/properti/depok/hos10424171/#qid~fafcda64-9515-4f34-9a72-7e4ac7b4b122,Rp,"1,6",Miliar,"Rumah Bagus Semi Furnished di Sawangan, Depok","Sawangan, Depok","Keamanan, Taman",3,3,230 m²,150 m²,2,rumah,,2200 mah,2,,bagus,semi furnished,,hos10424171,,,,,,,,,,,,,,,,,,
https://www.rumah123.com/properti/depok/hos10798683/#qid~fafcda64-9515-4f34-9a72-7e4ac7b4b122,Rp,"2,3",Miliar,RUMAH 2 LANTAI SIAP HUNI AKSES 2 MOBIL DI TANAH BARU BEJI DEPOK,"Beji, Depok","Jalur Telepon, Taman",5,5,127 m²,168 m²,2,rumah,shm - sertifikat hak milik,3500 mah,2,2022,baru,unfurnished,barat,hos10798683,1,,1,,,,,,,,,,,,,,,
https://www.rumah123.com/properti/depok/hos11368613/#qid~fafcda64-9515-4f34-9a72-7e4ac7b4b122,Rp,980,Juta,Rumah Lux 2 Lantai Brand New Dekat ke Stasiun Depok Lama,"Tirtajaya, Depok","Tempat Jemuran,  One Gate System, Keamanan 24 jam, Taman, Wastafel, CCTV, Keamanan",3,2,80 m²,70 m²,1,rumah,shm - sertifikat hak milik,2200 mah,2,2022,baru,,,hos11368613,,,,,,,,,,,,,,,,,,
https://www.rumah123.com/properti/depok/hos11368613/#qid~38acb536-ac61-45c8-bd66-8e64ee36e937,Rp,980,Juta,Rumah Lux 2 Lantai Brand New Dekat ke Stasiun Depok Lama,"Tirtajaya, Depok","Tempat Jemuran,  One Gate System, Keamanan 24 jam, Taman, Wastafel, CCTV, Keamanan",3,2,80 m²,70 m²,1,rumah,shm - sertifikat hak milik,2200 mah,2,2022,baru,,,hos11368613,,,,,,,,,,,,,,,,,,
https://www.rumah123.com/properti/depok/hos11368212/#qid~38acb536-ac61-45c8-bd66-8e64ee36e937,Rp,325,Juta,Rumah murah minimalis modern terbaru dicitayam Bojong gede,"Citayam, Depok"," Jalur Telepon,  Ac, Tempat Jemuran,  Akses Parkir,  One Gate System, Masjid, Keamanan 24 jam,  Taman,  CCTV,  Playground, Wastafel, AC, Jalur Telepon, Keamanan",2,1,60 m²,40 m²,1,rumah,shm - sertifikat hak milik,1300 mah,1,2022,baru,unfurnished,selatan,hos11368212,,1,,,,,,,,,,,,,,,,
https://www.rumah123.com/properti/depok/hos11368613/#qid~301ea5dd-df49-4a64-88fd-05d552c9592d,Rp,980,Juta,Rumah Lux 2 Lantai Brand New Dekat ke Stasiun Depok Lama,"Tirtajaya, Depok","Tempat Jemuran,  One Gate System, Keamanan 24 jam, Taman, Wastafel, CCTV, Keamanan",3,2,80 m²,70 m²,1,rumah,shm - sertifikat hak milik,2200 mah,2,2022,baru,,,hos11368613,,,,,,,,,,,,,,,,,,
https://www.rumah123.com/properti/depok/hos11368212/#qid~301ea5dd-df49-4a64-88fd-05d552c9592d,Rp,325,Juta,Rumah murah minimalis modern terbaru dicitayam Bojong gede,"Citayam, Depok"," Jalur Telepon,  Ac, Tempat Jemuran,  Akses Parkir,  One Gate System, Masjid, Keamanan 24 jam,  Taman,  CCTV,  Playground, Wastafel, AC, Jalur Telepon, Keamanan",2,1,60 m²,40 m²,1,rumah,shm - sertifikat hak milik,1300 mah,1,2022,baru,unfurnished,selatan,hos11368212,,1,,,,,,,,,,,,,,,,
https://www.rumah123.com/properti/depok/hos11368555/#qid~301ea5dd-df49-4a64-88fd-05d552c9592d,Rp,"1,1",Miliar,Cluster Modern 2 Lt Model Minimalis Lokasi Strategis Di Sawangan,"Sawangan, Depok","Tempat Jemuran, Lapangan Bola,  Akses Parkir,  One Gate System,  Track Lari,  Kolam Renang, Mesin Cuci, Masjid, Keamanan 24 jam,  Taman,  CCTV,  Playground, Wastafel, Jalur Telepon,  Kitchen Set, Lapangan Basket",3,2,92 m²,74 m²,2,rumah,shm - sertifikat hak milik,2200 mah,2,2022,baru,semi furnished,selatan,hos11368555,,2,,,,,,,,,,,,,,,,
https://www.rumah123.com/properti/depok/hos11368554/#qid~301ea5dd-df49-4a64-88fd-05d552c9592d,Rp,799,Juta,Rumah 2 Lantai 3 Kamar Tidur Harga Paling Terjangkau Di Cinangka,"Sawangan, Depok","Tempat Jemuran, Track Lari,  Akses Parkir,  One Gate System,  Kolam Renang, Masjid, Kitchen Set, Keamanan 24 jam,  Taman,  CCTV,  Playground, Wastafel, Jalur Telepon",3,2,76 m²,66 m²,2,rumah,shm - sertifikat hak milik,2200 mah,2,2022,baru,semi furnished,utara,hos11368554,,2,,,,,,,,,,,,,,,,
https://www.rumah123.com/properti/depok/hos11368517/#qid~301ea5dd-df49-4a64-88fd-05d552c9592d,Rp,"1,35",Miliar,Rumah baru dalam cluster seberang mall Cinere,"Cinere, Depok","Tempat Jemuran, Keamanan, Wastafel",,,,,,rumah,,,,,,,,hos11368517,,,,3,3,80 m²,138 m²,2,shm - sertifikat hak milik,2200 mah,,2,2022,baru,unfurnished,1,1,timur
https://www.rumah123.com/properti/depok/hos11368454/#qid~d0b711ad-e7c0-4366-841c-d589ce2c1a61,Rp,"1,35",Miliar,Rumah Asri Dan Nyaman di Jual Di Depok,"Cilodong, Depok","Tempat Jemuran, Lapangan Bulu Tangkis,  Akses Parkir,  One Gate System,  Track Lari, Masjid, Keamanan 24 jam,  Taman,  Tempat Laundry,  Playground, Wastafel, Jalur Telepon, Lapangan Basket",4,3,120 m²,150 m²,1,rumah,shm - sertifikat hak milik,2200 mah,2,,bagus,unfurnished,,hos11368454,,,,,,,,,,,,,,,,,,
https://www.rumah123.com/properti/depok/hos11368409/#qid~d0b711ad-e7c0-4366-841c-d589ce2c1a61,Rp,"1,3",Miliar,Rumah Hook Samping Taman Di Jual Di Tapos Depok,"Tapos, Depok","Tempat Jemuran, Lapangan Bulu Tangkis,  Akses Parkir,  One Gate System,  Track Lari, Masjid, Keamanan 24 jam,  Taman,  Playground, Jalur Telepon, Lapangan Basket",3,3,220 m²,180 m²,2,rumah,shm - sertifikat hak milik,2200 mah,1,,bagus,unfurnished,,hos11368409,,,,,,,,,,,,,,,,,,
https://www.rumah123.com/properti/depok/hos11368402/#qid~d0b711ad-e7c0-4366-841c-d589ce2c1a61,Rp,846,Juta,Rumah Baru Modern 2 Lantai All In Dekat Stasiun Depok Lama,"Tirtajaya, Depok","Tempat Jemuran, Taman, Wastafel",3,2,63 m²,70 m²,1,rumah,shm - sertifikat hak milik,2200 mah,2,2022,baru,,,hos11368402,,,,,,,,,,,,,,,,,,
https://www.rumah123.com/properti/depok/hos11368372/#qid~d0b711ad-e7c0-4366-841c-d589ce2c1a61,Rp,"2,6",Miliar,Rumah Bebas Banjir Dan Asri di Jual Di Raffles Cibubur,"Cibubur, Depok","Tempat Jemuran, Lapangan Tenis,  Akses Parkir,  One Gate System,  Track Lari,  Kolam Renang, Masjid, Keamanan 24 jam,  Lapangan Bulu Tangkis,  Taman,  Tempat Laundry,  CCTV,  Playground, Wastafel,  Tempat Gym, Jalur Telepon, Lapangan Basket",3,2,235 m²,225 m²,,rumah,shm - sertifikat hak milik,2200 mah,1,,bagus,,,hos11368372,,1,,,,,,,,,,,,,,,,
https://www.rumah123.com/properti/depok/hos11368311/#qid~d0b711ad-e7c0-4366-841c-d589ce2c1a61,Rp,995,Juta,"Rumah tanpa DP, harga all in, gratis smarthome, SHM","Sukmajaya, Depok","Tempat Jemuran,  Ac,  Akses Parkir,  One Gate System,  AC, Masjid, Kitchen Set, Keamanan 24 jam,  Taman,  Tempat Laundry,  CCTV, Wastafel, Jalur Telepon,  Keamanan",3,2,72 m²,70 m²,1,rumah,shm - sertifikat hak milik,2200 mah,2,2022,bagus,unfurnished,barat,hos11368311,,1,,,,,,,,,,,,,,,,
https://www.rumah123.com/properti/depok/hos11368350/#qid~4cce2ebc-cf19-4411-bf73-05c877ef7c15,Rp,"1,2",Miliar,"Rumah Canti, Asri Dan Nyaman di Jual Di Raffles Cibubur Depok","Cibubur, Depok","Lapangan Tenis,  Track Lari,  One Gate System,  Kolam Renang, Masjid, Keamanan 24 jam,  Lapangan Bulu Tangkis,  Taman,  Playground, Wastafel,  Tempat Gym, Lapangan Basket",2,2,98 m²,78 m²,2,rumah,shm - sertifikat hak milik,2200 mah,2,,bagus,furnished,utara,hos11368350,1,,1,,,,,,,,,,,,,,,
https://www.rumah123.com/properti/depok/hos11368307/#qid~4cce2ebc-cf19-4411-bf73-05c877ef7c15,Rp,525,Juta,"Rumah modern termurah di kawasan cinere, akses mudah kemana2","Cinere, Depok"," Jalur Telepon,  Jogging Track, Tempat Jemuran, Track Lari,  Taman, Ac, Taman, Wastafel, Lapangan Voli, AC,  Masjid,  Kolam Ikan, Jalur Telepon,  Keamanan",2,1,75 m²,36 m²,1,rumah,shm - sertifikat hak milik,1300 mah,1,2022,baru,unfurnished,selatan,hos11368307,,1,,,,,,,,,,,,,,,,
https://www.rumah123.com/properti/depok/hos11368313/#qid~4cce2ebc-cf19-4411-bf73-05c877ef7c15,Rp,679,Juta,Rumah Modern Free Biaya Akses 2 Mobil Lokasi Pinggir Jalan Kemang,"Cimanggis, Depok"," One Gate System, Masjid, Keamanan 24 jam,  Taman,  CCTV, Taman, CCTV",3,2,57 m²,54 m²,,rumah,shm - sertifikat hak milik,2200 mah,2,2022,bagus,unfurnished,,hos11368313,,,,,,,,,,,,,,,,,,
https://www.rumah123.com/properti/depok/hos11365808/#qid~5d165fc3-c246-4b4f-9ad2-ec378cfc055a,Rp,"1,96",Miliar,Rumah Cimanggis Free Kolam Renang Dekat Transmart Toll & LRT Cibubur,"Cimanggis, Depok"," Carport, Garasi, Private Pool",3,3,163 m²,130 m²,,rumah,shm - sertifikat hak milik,lainnya mah,2,2020,unfurnished,baru,,hos11365808,1,1,1,,,,,,,,,,,,,,,
https://www.rumah123.com/properti/depok/hos11365810/#qid~5d165fc3-c246-4b4f-9ad2-ec378cfc055a,Rp,"1,4",Miliar,Rumah Siap Huni di Beji Depok Skandinavian Dekat 3 Akses TOL Depok,"Beji, Depok","one gate sistem,  Kitchen set,  1 unit AC, securty 24 jam,  Carport 2 mobil",3,3,72 m²,120 m²,,rumah,shm - sertifikat hak milik,lainnya mah,2,2022,unfurnished,baru,,hos11365810,,2,,,,,,,,,,,,,,,,
https://www.rumah123.com/properti/depok/hos11365809/#qid~5d165fc3-c246-4b4f-9ad2-ec378cfc055a,Rp,"2,13",Miliar,Rumah Mewah Gandul Cinere dekat TOL Andara Brigif Depok,"Cinere, Depok",Free kitchen set,3,2,120 m²,91 m²,,rumah,shm - sertifikat hak milik,lainnya mah,2,2022,unfurnished,baru,,hos11365809,,2,,,,,,,,,,,,,,,,
https://www.rumah123.com/properti/depok/hos11365813/#qid~5d165fc3-c246-4b4f-9ad2-ec378cfc055a,Rp,"1,7",Miliar,Rumah Di Beji Depok 5 menit ke TOL Kukusan + dekat Kampus UI,"Beji, Depok",Full kitchen set,3,3,100 m²,120 m²,,rumah,shm - sertifikat hak milik,lainnya mah,2,2022,unfurnished,baru,,hos11365813,1,1,,,,,,,,,,,,,,,,
https://www.rumah123.com/properti/depok/hos11365815/#qid~5d165fc3-c246-4b4f-9ad2-ec378cfc055a,Rp,"1,72",Miliar,Brand New Ready Stok Cluster 3 Lantai Pinggir TOL Krukut Antasari Jaksel Depok,"Limo, Depok"," Dapur bersih dan kotor,  Taman,  Living room, Servis Area,  Basement, Gudang,  Garasi",3,3,84 m²,155 m²,,rumah,shm - sertifikat hak milik,lainnya mah,3,2022,unfurnished,baru,,hos11365815,,4,,,,,,,,,,,,,,,,
https://www.rumah123.com/properti/depok/hos11365817/#qid~9d33a35c-03af-4db1-8564-7eaf91b3425e,Rp,615,Juta,Cluster Free Biaya - Biaya Dekat Margonda di GDC Tol dan Stasiun KRL Depok,"Cilodong, Depok"," Mushola, Security 24H,  One gate system, Taman minimalis,  Carport 1 mobil",3,2,60 m²,60 m²,,rumah,shm - sertifikat hak milik,lainnya mah,2,2022,unfurnished,baru,,hos11365817,,1,,,,,,,,,,,,,,,,
https://www.rumah123.com/properti/depok/hos11365814/#qid~9d33a35c-03af-4db1-8564-7eaf91b3425e,Rp,"1,51",Miliar,Rumah Dekat Pintu Tol Cibubur Stasiun LRT Harjamukti Cimanggis Depok,"Cimanggis, Depok","kitchen set (opsional), AC",3,2,74 m²,88 m²,,rumah,shm - sertifikat hak milik,lainnya mah,2,2022,unfurnished,baru,,hos11365814,,2,,,,,,,,,,,,,,,,
https://www.rumah123.com/properti/depok/hos11365818/#qid~9d33a35c-03af-4db1-8564-7eaf91b3425e,Rp,"1,15",Miliar,Rumah Minimalis Modern Dekat Gerbang Toll Desari Pancoran Mas Depok,"Pancoran Mas, Depok"," smarthome, Carport 1 mobil, toren 500 liter",3,2,70 m²,100 m²,,rumah,shm - sertifikat hak milik,lainnya mah,2,2022,unfurnished,baru,,hos11365818,,1,1,,,,,,,,,,,,,,,
https://www.rumah123.com/properti/depok/hos11365824/#qid~9d33a35c-03af-4db1-8564-7eaf91b3425e,Rp,"1,4",Miliar,Rumah Pinggir Jalan Raden Sanim Dekat Tanah Baru & TOL Depok,"Beji, Depok"," Free Kitchen Set, Void,  Taman,  Carport 2 Mobil, Pagar",3,3,100 m²,130 m²,,rumah,shm - sertifikat hak milik,lainnya mah,2,2022,unfurnished,baru,,hos11365824,,1,,,,,,,,,,,,,,,,
https://www.rumah123.com/properti/depok/hos11365829/#qid~9d33a35c-03af-4db1-8564-7eaf91b3425e,Rp,"1,43",Miliar,Rumah Klasik Konsep Jawa Bali Ready Dekat Exit Tol Krukut Depok,"Limo, Depok"," One gate system,  Swimming Pool, Security 24 jam,  clubhouse, CCTV",,,,,,rumah,,,,,,,,hos11365829,,,,4,3,67 m²,90 m²,,shm - sertifikat hak milik,lainnya mah,1,2,2021,unfurnished,baru,,,
https://www.rumah123.com/properti/depok/hos11365820/#qid~9d33a35c-03af-4db1-8564-7eaf91b3425e,Rp,"1,47",Miliar,Cluster Baru Free Biaya - Biaya Dekat LRT TOL Cibubur Cimanggis Depok,"Cimanggis, Depok","Playground,  one gate system, Security24 jam,  Taman luas,  Musholla Exclusive,  Void,  Kolam renang anak,  Balkon",3,2,90 m²,90 m²,,rumah,shm - sertifikat hak milik,lainnya mah,2,2020,unfurnished,baru,,hos11365820,,1,,,,,,,,,,,,,,,,
https://www.rumah123.com/properti/depok/hos11365827/#qid~9d33a35c-03af-4db1-8564-7eaf91b3425e,Rp,"1,27",Miliar,Rumah Archipelago Dekat Gate Tol Desari Sawangan Pancoran Mas Depok,"Pancoran Mas, Depok"," Canopy,  Security 24 jam, Pool, One gate system,  Carport 1 mobil",3,3,65 m²,92 m²,,rumah,shm - sertifikat hak milik,lainnya mah,2,2022,unfurnished,baru,,hos11365827,,1,,,,,,,,,,,,,,,,
https://www.rumah123.com/properti/depok/hos11365822/#qid~9d33a35c-03af-4db1-8564-7eaf91b3425e,Rp,"1,45",Miliar,Rumah Ready Semi Tropical Dekat Tol Andara Pangkalan Jati Cinere Depok,"Cinere, Depok","Canopy, Carport 1 mobil",2,2,56 m²,93 m²,,rumah,shm - sertifikat hak milik,lainnya mah,2,2021,unfurnished,baru,,hos11365822,,1,,,,,,,,,,,,,,,,
https://www.rumah123.com/properti/depok/hos11365828/#qid~9d33a35c-03af-4db1-8564-7eaf91b3425e,Rp,"1,61",Miliar,Cluster Resort Free Biaya Dekat Kampus UI Kelapa Dua Cimanggis Depok,"Cimanggis, Depok",Carport 1 Mobil,3,2,151 m²,88 m²,,rumah,shm - sertifikat hak milik,lainnya mah,2,2021,unfurnished,baru,,hos11365828,,1,,,,,,,,,,,,,,,,
https://www.rumah123.com/properti/depok/hos11365831/#qid~9d33a35c-03af-4db1-8564-7eaf91b3425e,Rp,1,Miliar,Rumah Scandinavian Smart Home Dalam Komplek Besar Pancoran Mas Depok,"Pancoran Mas, Depok","Smart Home, Backyard luas",3,2,100 m²,84 m²,,rumah,shm - sertifikat hak milik,lainnya mah,2,2022,unfurnished,baru,,hos11365831,,2,,,,,,,,,,,,,,,,
https://www.rumah123.com/properti/depok/hos11365838/#qid~9d33a35c-03af-4db1-8564-7eaf91b3425e,Rp,"1,34",Miliar,Rumah Ready Dekat Pintu Tol Cijago Cibubur Harjamukti Cimanggis Depok,"Cimanggis, Depok"," Canopy,  Kitchen set,  pompa air wasser dan booster,  Kompor exhaust, One gate sistem,  Torn 650ltr",3,3,78 m²,110 m²,,rumah,shm - sertifikat hak milik,lainnya mah,2,2022,unfurnished,baru,,hos11365838,,2,,,,,,,,,,,,,,,,
https://www.rumah123.com/properti/depok/hos11365833/#qid~9d33a35c-03af-4db1-8564-7eaf91b3425e,Rp,865,Juta,Rumah Baru Skandinavia Free BPHTB Dekat Tol Cijago Cimanggis Depok,"Cimanggis, Depok","Torn Air,  Jetpump, CCTV area,  security 24 jam,  One gate sistem",3,2,58 m²,76 m²,,rumah,shm - sertifikat hak milik,lainnya mah,2,2022,unfurnished,baru,,hos11365833,,1,,,,,,,,,,,,,,,,
https://www.rumah123.com/properti/depok/hos11365840/#qid~9d33a35c-03af-4db1-8564-7eaf91b3425e,Rp,"1,7",Miliar,Rumah Ready Stok Skandinavia Dekat Jagakarsa Jakarta Selatan Dekat Pintu Tol Kukusan Beji Depok,"Beji, Depok","Carport 2 mobil, one gate system,  security 24 jam",3,3,77 m²,140 m²,,rumah,shm - sertifikat hak milik,lainnya mah,2,2022,unfurnished,baru,,hos11365840,1,2,1,,,,,,,,,,,,,,,
https://www.rumah123.com/properti/depok/hos11365837/#qid~9d33a35c-03af-4db1-8564-7eaf91b3425e,Rp,"2,9",Miliar,Hunian Asri Mediterranean Classic Dekat Tol Krukut Limo Depok,"Limo, Depok","Full kitchen set, Lemari kayu,  AC 3 unit,  water heater",3,3,305 m²,200 m²,,rumah,shm - sertifikat hak milik,lainnya mah,1,2016,semi furnished,baru,,hos11365837,,1,,,,,,,,,,,,,,,,
https://www.rumah123.com/properti/depok/hos11365839/#qid~9d33a35c-03af-4db1-8564-7eaf91b3425e,Rp,995,Juta,Rumah Konsep Skandinavia Indent Dekat Pintu Tol Kukusan Beji Depok,"Beji, Depok"," One gate sistem, Carport 2 mobil, smart lock door",3,2,72 m²,75 m²,,rumah,shm - sertifikat hak milik,lainnya mah,2,2022,unfurnished,baru,,hos11365839,,1,,,,,,,,,,,,,,,,
https://www.rumah123.com/properti/depok/hos11365835/#qid~9d33a35c-03af-4db1-8564-7eaf91b3425e,Rp,"1,48",Miliar,Hunian Bisa Custom Dekat Exit Tol Andara Pangkalan Jati Cinere Depok,"Cinere, Depok","AC 2 unit,  Canopy, Carport 1 mobil",3,2,62 m²,73 m²,,rumah,shm - sertifikat hak milik,lainnya mah,2,2022,unfurnished,baru,,hos11365835,,1,,,,,,,,,,,,,,,,
https://www.rumah123.com/properti/depok/hos11365834/#qid~9d33a35c-03af-4db1-8564-7eaf91b3425e,Rp,"1,42",Miliar,Rumah Tanah Baru Beji Depok Design Clasic Dekat Pintu Tol Kukusan,"Beji, Depok","carport, torrent,  jetpump",3,3,86 m²,110 m²,,rumah,shm - sertifikat hak milik,lainnya mah,2,2022,unfurnished,baru,,hos11365834,,1,,,,,,,,,,,,,,,,
https://www.rumah123.com/properti/depok/hos11365826/#qid~9d33a35c-03af-4db1-8564-7eaf91b3425e,Rp,"2,3",Miliar,Rumah Cantik Pasti Suka Dekat Pintu Tol Kukusan Tanah Baru Beji Depok,"Beji, Depok","Carport 2 mobil,  service area, torrent,  jetpump",4,3,127 m²,170 m²,,rumah,shm - sertifikat hak milik,lainnya mah,2,2022,unfurnished,baru,,hos11365826,1,2,1,,,,,,,,,,,,,,,
https://www.rumah123.com/properti/depok/hos11365841/#qid~9d33a35c-03af-4db1-8564-7eaf91b3425e,Rp,"1,59",Miliar,Rumah Strategis Area Premium Cinere Dekat Lebak Bulus Jakarta Selatan,"Cinere, Depok","Onegate, security 24jam",3,3,71 m²,84 m²,,rumah,shm - sertifikat hak milik,lainnya mah,2,2022,unfurnished,baru,,hos11365841,,1,,,,,,,,,,,,,,,,
https://www.rumah123.com/properti/depok/hos11368227/#qid~510ee8b1-a222-441b-ac08-fcaed6bcab38,Rp,563,Juta,Hunian Cluster Harga Murah Banget Lokasi di Pekapuran Free Biaya,"Cimanggis, Depok"," One Gate System, Masjid, Keamanan 24 jam,  Taman,  CCTV, Taman, CCTV",2,1,61 m²,37 m²,,rumah,shm - sertifikat hak milik,1300 mah,1,2022,bagus,unfurnished,,hos11368227,,,,,,,,,,,,,,,,,,
https://www.rumah123.com/properti/depok/hos11368227/#qid~a46d2d88-c5d1-456a-b6a3-6238edd0b9d9,Rp,563,Juta,Hunian Cluster Harga Murah Banget Lokasi di Pekapuran Free Biaya,"Cimanggis, Depok"," One Gate System, Masjid, Keamanan 24 jam,  Taman,  CCTV, Taman, CCTV",2,1,61 m²,37 m²,,rumah,shm - sertifikat hak milik,1300 mah,1,2022,bagus,unfurnished,,hos11368227,,,,,,,,,,,,,,,,,,
https://www.rumah123.com/properti/depok/hos11368227/#qid~1d321138-4d73-485b-b1a0-80ddea547103,Rp,563,Juta,Hunian Cluster Harga Murah Banget Lokasi di Pekapuran Free Biaya,"Cimanggis, Depok"," One Gate System, Masjid, Keamanan 24 jam,  Taman,  CCTV, Taman, CCTV",2,1,61 m²,37 m²,,rumah,shm - sertifikat hak milik,1300 mah,1,2022,bagus,unfurnished,,hos11368227,,,,,,,,,,,,,,,,,,
https://www.rumah123.com/properti/depok/hos11368207/#qid~f00285d5-b67c-4f11-8743-a9b2d2214690,Rp,590,Juta,Rumah 1 lantai dan 2 lantai paling murah d depok dekat pintu tol,"Sawangan, Depok","Taman, One Gate System",3,2,72 m²,72 m²,1,rumah,shm - sertifikat hak milik,1300 mah,2,,baru,unfurnished,,hos11368207,,,,,,,,,,,,,,,,,,
https://www.rumah123.com/properti/depok/hos11368209/#qid~5049e190-8604-4bc6-b12a-655171ea42c2,Rp,"1,3",Miliar,"Rumah Minimalis di Depok, Jawa Barat","Depok II, Depok",Keamanan 24 jam,3,3,98 m²,100 m²,,rumah,shm - sertifikat hak milik,3300 mah,1,,,,,hos11368209,1,1,,,,,,,,,,,,,,,,
https://www.rumah123.com/properti/depok/hos11368179/#qid~928bcf8c-17fb-4d56-ac75-d5355d507398,Rp,220,Juta,Rumah Minimalis Modern di Citayam Bebas Banjir Akses Mudah Asri,"Cilodong, Depok","Tempat Jemuran, Taman,  One Gate System, Keamanan 24 jam",2,1,60 m²,36 m²,1,rumah,shm - sertifikat hak milik,1300 mah,1,2022,baru,unfurnished,timur,hos11368179,,,,,,,,,,,,,,,,,,
https://www.rumah123.com/properti/depok/hos11368169/#qid~9777f3ac-a22b-4abe-b087-b1ff4ff01901,Rp,1,Miliar,"Rumah Minimalis siap huni. Lokasi di perumahan Jati Jajar, Depok","Tapos, Depok","Tempat Jemuran, Masjid, Lapangan Tenis, Taman",3,2,140 m²,140 m²,,rumah,shm - sertifikat hak milik,,2,,bagus,unfurnished,,hos11368169,,2,,,,,,,,,,,,,,,,
https://www.rumah123.com/properti/depok/hos11368172/#qid~9777f3ac-a22b-4abe-b087-b1ff4ff01901,Rp,220,Juta,Rumah Minimalis Modern di Citayam Bebas Banjir Akses Mudah Asri,"Pancoran Mas, Depok","Tempat Jemuran,  One Gate System, Keamanan 24 jam, Taman, CCTV",2,1,60 m²,36 m²,1,rumah,shm - sertifikat hak milik,1300 mah,1,2022,baru,unfurnished,timur,hos11368172,,,,,,,,,,,,,,,,,,
https://www.rumah123.com/properti/depok/hos11368167/#qid~9777f3ac-a22b-4abe-b087-b1ff4ff01901,Rp,"1,37",Miliar,Dijual Rumah Siap Huni di The Akasia Terrace Depok Gratis Kpr,"Bojong Sari, Depok","Tempat Jemuran, Track Lari,  One Gate System, Kitchen Set, Keamanan 24 jam,  Playground, Taman, Wastafel",,,,,,rumah,,,,,,,,hos11368167,,,,3,3,124 m²,75 m²,1,shm - sertifikat hak milik,2200 mah,1,2,2016,sudah renovasi,furnished,,,selatan
https://www.rumah123.com/properti/depok/hos11368164/#qid~9777f3ac-a22b-4abe-b087-b1ff4ff01901,Rp,500,Juta,Cluster Ready Modern Free Biaya Lokasi Dekat Stasiun Depok Lama,"Cilodong, Depok"," One Gate System, Masjid, Keamanan 24 jam,  Taman,  CCTV, Taman, CCTV",2,1,60 m²,38 m²,,rumah,shm - sertifikat hak milik,1300 mah,1,2022,bagus,unfurnished,,hos11368164,,,,,,,,,,,,,,,,,,
https://www.rumah123.com/properti/depok/hos11368129/#qid~9777f3ac-a22b-4abe-b087-b1ff4ff01901,Rp,390,Juta,Rumah di kompleks tanah Luas lokasi strategis,"Pancoran Mas, Depok"," Jogging Track, Lapangan Tenis,  Lapangan Bulu Tangkis, Kulkas, Wastafel,  Pemanas Air, Jalur Telepon, Tempat Jemuran, Lapangan Bola,  Lapangan Voli,  Taman, Taman,  Tempat Gym,  Masjid,  Kolam Ikan,  Keamanan,  Lapangan Basket,  Mesin Cuci,  Kolam Renang,  Track Lari",2,2,150 m²,54 m²,2,rumah,shm - sertifikat hak milik,1300 mah,1,2022,bagus,unfurnished,utara,hos11368129,,1,,,,,,,,,,,,,,,,
https://www.rumah123.com/properti/depok/hos11364505/#qid~9777f3ac-a22b-4abe-b087-b1ff4ff01901,Rp,325,Juta,Rumah murah dicitayam dekat stasiun KA di kompleks guava garden,"Citayam, Depok"," Jalur Telepon,  Ac, Tempat Jemuran,  Taman,  CCTV, Taman, Wastafel, AC,  Masjid, CCTV, Jalur Telepon,  Keamanan",2,1,60 m²,40 m²,1,rumah,shm - sertifikat hak milik,1300 mah,1,2022,baru,unfurnished,selatan,hos11364505,,1,,,,,,,,,,,,,,,,
https://www.rumah123.com/properti/depok/hos11367923/#qid~9777f3ac-a22b-4abe-b087-b1ff4ff01901,Rp,1,Miliar,Dijual Hunian mewah premium 2 Lantai di pusat kota Depok Jawa barat,"Margonda, Depok"," Jogging Track, Track Lari, Kolam Renang, Taman,  Masjid,  Keamanan",4,4,100 m²,66 m²,1,rumah,shm - sertifikat hak milik,2200 mah,2,2022,baru,,timur,hos11367923,,1,,,,,,,,,,,,,,,,
https://www.rumah123.com/properti/depok/hos11367606/#qid~9777f3ac-a22b-4abe-b087-b1ff4ff01901,Rp,670,Juta,Jual cepat BU rumah luas siap huni di permata Cimanggis Depok,"Cimanggis, Depok"," Jogging Track, Lapangan Bola,  Track Lari,  Kolam Renang, Masjid, Keamanan 24 jam, Kolam Renang,  Taman,  Tempat Laundry, Taman,  Playground,  Tempat Gym,  Masjid,  Keamanan, Lapangan Basket",2,1,92 m²,45 m²,2,rumah,shm - sertifikat hak milik,,1,,bagus,unfurnished,,hos11367606,,,,,,,,,,,,,,,,,,
https://www.rumah123.com/properti/depok/hos11367329/#qid~36cdc29f-018e-4cf0-8880-2e259e050681,Rp,755,Juta,Perumahan Elite 2 Lt Dengan Smarthome Sistem Di Sawangan Depok,"Sawangan, Depok","Tempat Jemuran, Lapangan Bola,  Akses Parkir,  One Gate System,  Track Lari,  Kolam Renang, Mesin Cuci, Masjid, Keamanan 24 jam,  Taman,  CCTV,  Playground, Wastafel, Jalur Telepon,  Kitchen Set, Lapangan Basket",3,2,75 m²,60 m²,2,rumah,shm - sertifikat hak milik,2200 mah,2,2022,baru,semi furnished,selatan,hos11367329,,2,,,,,,,,,,,,,,,,
https://www.rumah123.com/properti/depok/hos11367287/#qid~36cdc29f-018e-4cf0-8880-2e259e050681,Rp,"1,17",Miliar,Rumah Mewah 2 Lantai Model Scandinavian Modern Cinere Krukut. Lokasi 50 Meter Dari Jalan Raya Krukut,"Krukut, Depok","Tempat Jemuran,  One Gate System, Masjid, Keamanan 24 jam,  Taman,  CCTV, Taman, CCTV",3,2,93 m²,88 m²,2,rumah,shm - sertifikat hak milik,2200 mah,2,2022,baru,unfurnished,timur,hos11367287,,,,,,,,,,,,,,,,,,
https://www.rumah123.com/properti/depok/hos11367276/#qid~36cdc29f-018e-4cf0-8880-2e259e050681,Rp,"1,23",Miliar,Cluster Premium Rumah 2 Lantai Lokasi Strategis Dan Nyaman,"Sawangan, Depok","Tempat Jemuran, Track Lari,  Akses Parkir,  One Gate System,  Kolam Renang,  AC, Masjid, Kitchen Set, Keamanan 24 jam,  Taman,  CCTV,  Playground, Wastafel, Jalur Telepon",2,2,121 m²,71 m²,2,rumah,shm - sertifikat hak milik,2200 mah,2,2022,baru,semi furnished,selatan,hos11367276,,2,,,,,,,,,,,,,,,,
https://www.rumah123.com/properti/depok/hos11367154/#qid~36cdc29f-018e-4cf0-8880-2e259e050681,Rp,"1,85",Miliar,Rumah 2Lantai dijual di Cluster The Addres Tapod,"Tapos, Depok"," Jalur Telepon,  Ac, Tempat Jemuran, Lapangan Tenis,  AC, Kolam Renang,  Taman, Pemanas Air, Wastafel, Jalur Telepon, Keamanan",4,3,160 m²,230 m²,1,rumah,shm - sertifikat hak milik,3500 mah,2,,bagus,semi furnished,,hos11367154,1,1,1,,,,,,,,,,,,,,,
https://www.rumah123.com/properti/depok/hos11367208/#qid~36cdc29f-018e-4cf0-8880-2e259e050681,Rp,"1,17",Miliar,Rumah Mewah 2 Lantai Model Scandinavian Modern Cinere Krukut. Lokasi 50 Meter Dari Jalan Raya Krukut,"Pangkalan Jati, Depok","Tempat Jemuran,  One Gate System, Masjid, Keamanan 24 jam,  Taman,  CCTV, Taman, CCTV",3,2,93 m²,88 m²,2,rumah,shm - sertifikat hak milik,2200 mah,2,2022,baru,unfurnished,timur,hos11367208,,,,,,,,,,,,,,,,,,
https://www.rumah123.com/properti/depok/hos11365211/#qid~36cdc29f-018e-4cf0-8880-2e259e050681,Rp,200,Juta,DIJUAL RUMAH STRATEGIS DEKAT STASIUN DAN PUSAT PERBELANJAAN,"Citayam, Depok"," Jalur Telepon,  Ac,  Jogging Track, Track Lari, Masjid, Keamanan 24 jam,  Taman, Taman, AC,  Masjid, CCTV, Jalur Telepon,  Keamanan",,1,45 m²,36 m²,,rumah,shm - sertifikat hak milik,1300 mah,1,2022,baru,unfurnished,selatan,hos11365211,,1,,,,,,,,,,,,,,,,
https://www.rumah123.com/properti/depok/hos11365998/#qid~36cdc29f-018e-4cf0-8880-2e259e050681,Rp,150,Juta,RUMAH SAMPING JALAN RAYA BOMANG DAN BISA KPR PRIBADI,"Citayam, Depok"," Jalur Telepon,  Ac, AC, Track Lari, Masjid, Keamanan 24 jam,  Taman, Taman, Jogging Track,  Masjid, CCTV, Jalur Telepon,  Keamanan",2,1,55 m²,36 m²,,rumah,shm - sertifikat hak milik,1300 mah,1,2022,baru,unfurnished,barat daya,hos11365998,,1,,,,,,,,,,,,,,,,
https://www.rumah123.com/properti/depok/hos11367082/#qid~36cdc29f-018e-4cf0-8880-2e259e050681,Rp,"1,17",Miliar,Rumah Mewah 2 Lantai Model Scandinavian Modern Cinere Krukut. Lokasi 50 Meter Dari Jalan Raya Krukut,"Gandul, Depok","Tempat Jemuran,  One Gate System, Masjid, Keamanan 24 jam,  Taman,  CCTV, CCTV, Jalur Telepon",2,1,93 m²,88 m²,2,rumah,shm - sertifikat hak milik,1300 mah,1,2022,baru,unfurnished,timur,hos11367082,,,,,,,,,,,,,,,,,,
https://www.rumah123.com/properti/depok/hos11366720/#qid~36cdc29f-018e-4cf0-8880-2e259e050681,Rp,"3,5",Miliar,"Rumah modern minimalis di di Citra Lake, Bojongsari Depok","Bojong Sari, Depok","Tempat Jemuran,  Jogging Track, Track Lari,  AC,  Taman, Kulkas, Ac, Taman,  Pemanas Air, Wastafel,  Masjid, Keamanan,  Kitchen Set",3,3,234 m²,150 m²,2,rumah,shm - sertifikat hak milik,3500 mah,1,2018,bagus,furnished,utara,hos11366720,,2,,,,,,,,,,,,,,,,
https://www.rumah123.com/properti/depok/hos11367082/#qid~52898363-0dd2-435a-b943-62409e1e0a50,Rp,"1,17",Miliar,Rumah Mewah 2 Lantai Model Scandinavian Modern Cinere Krukut. Lokasi 50 Meter Dari Jalan Raya Krukut,"Gandul, Depok","Tempat Jemuran,  One Gate System, Masjid, Keamanan 24 jam,  Taman,  CCTV, CCTV, Jalur Telepon",2,1,93 m²,88 m²,2,rumah,shm - sertifikat hak milik,1300 mah,1,2022,baru,unfurnished,timur,hos11367082,,,,,,,,,,,,,,,,,,
https://www.rumah123.com/properti/depok/hos11366720/#qid~52898363-0dd2-435a-b943-62409e1e0a50,Rp,"3,5",Miliar,"Rumah modern minimalis di di Citra Lake, Bojongsari Depok","Bojong Sari, Depok","Tempat Jemuran,  Jogging Track, Track Lari,  AC,  Taman, Kulkas, Ac, Taman,  Pemanas Air, Wastafel,  Masjid, Keamanan,  Kitchen Set",3,3,234 m²,150 m²,2,rumah,shm - sertifikat hak milik,3500 mah,1,2018,bagus,furnished,utara,hos11366720,,2,,,,,,,,,,,,,,,,
https://www.rumah123.com/properti/depok/hos11366824/#qid~7059cdbb-1a12-4c48-a187-b311b227b1cd,Rp,"1,17",Miliar,Rumah Mewah 2 Lantai Model Scandinavian Modern Cinere Krukut. Lokasi 50 Meter Dari Jalan Raya Krukut,"Cinere, Depok","Tempat Jemuran,  One Gate System, Masjid, Keamanan 24 jam,  Taman,  CCTV, CCTV, Jalur Telepon",3,2,93 m²,88 m²,2,rumah,shm - sertifikat hak milik,2200 mah,2,2022,baru,unfurnished,timur,hos11366824,,,,,,,,,,,,,,,,,,
