url,currency,price,price_unit_scale,title,address,facilities,k. tidur,k. mandi,l. tanah,l. bangunan,carport,tipe properti,sertifikat,daya listrik,jumlah lantai,tahun dibangun,kondisi properti,id iklan,kt. pembantu,km. pembantu,garasi,kondisi perabotan,hadap,bedrooms,bathrooms,land size,building size,certificate,maid bedrooms,maid bathrooms,floors,building age,property condition,furnishing,carports,electricity,garages,building orientation
https://www.rumah123.com/properti/jakarta-barat/hos11186006/#qid~e62dfd6b-4855-4875-88ac-6bc0def498d9,Rp,"1,85",Miliar,Andre Tjhia Meruya 5x16 Luxurious House High Celling Fasad Sangat Istimewa,"Meruya, Jakarta Barat","Taman, Tempat Jemuran, Keamanan, Keamanan 24 jam",3,3,80 m²,120 m²,3,rumah,shm - sertifikat hak milik,2200 mah,2,2022,baru,hos11186006,,,,,,,,,,,,,,,,,,,,
https://www.rumah123.com/properti/jakarta-barat/hos11186069/#qid~e62dfd6b-4855-4875-88ac-6bc0def498d9,Rp,"2,15",Miliar,Andre Tjhia Meruya Luxurious House Sangat Istimewa Lokasi Premium Nego,"Meruya, Jakarta Barat","Taman, Tempat Jemuran, Keamanan, Keamanan 24 jam",3,3,125 m²,150 m²,3,rumah,shm - sertifikat hak milik,2200 mah,2,2022,baru,hos11186069,1,1,,,,,,,,,,,,,,,,,,
https://www.rumah123.com/properti/jakarta-selatan/hos10919362/#qid~e62dfd6b-4855-4875-88ac-6bc0def498d9,Rp,"10,5",Miliar,Luxurious House Modern Classic With Private Pool Ampera Jakarta Selatan,"Ampera, Jakarta Selatan"," Kolam Renang, Jalur Telepon, Ac,  Taman",4,4,260 m²,345 m²,2,rumah,shm - sertifikat hak milik,17600 mah,1,,baru,hos10919362,2,1,2,semi furnished,,,,,,,,,,,,,,,,
https://www.rumah123.com/properti/jakarta-barat/hos10868468/#qid~e62dfd6b-4855-4875-88ac-6bc0def498d9,Rp,"4,2",Miliar,Rumah Depan Taman di Buckingham Raya Puri Mansion Jakarta Barat,"Kembangan, Jakarta Barat","Taman,  Kolam Renang, Ac, AC,  Keamanan, Track Lari,  Jogging Track",4,3,160 m²,250 m²,1,rumah,shm - sertifikat hak milik,5500 mah,3,2012,bagus,hos10868468,1,1,1,semi furnished,barat,,,,,,,,,,,,,,,
https://www.rumah123.com/properti/jakarta-barat/hos10266530/#qid~e62dfd6b-4855-4875-88ac-6bc0def498d9,Rp,"16,5",Miliar,Rumah Permata Buana Luas 300 M2 Tropical Modern. Fully Furnished!,"Permata Buana, Jakarta Barat"," Kolam Renang,  Taman, Jalur Telepon,  CCTV, Ac,  Keamanan,  Jogging Track",3,3,300 m²,450 m²,1,rumah,shm - sertifikat hak milik,11000 mah,2,2020,baru,hos10266530,1,1,2,furnished,selatan,,,,,,,,,,,,,,,
https://www.rumah123.com/properti/jakarta-utara/hos11166378/#qid~e62dfd6b-4855-4875-88ac-6bc0def498d9,Rp,3,Miliar,Dijual Rumah Golf Island 6x15 TERMURAH!!!,"Pantai Indah Kapuk, Jakarta Utara"," Kolam Renang,  Taman, Jalur Telepon, Kolam Renang,  Keamanan, Track Lari, Tempat Jemuran,  Jogging Track",3,3,90 m²,120 m²,,rumah,"lainnya (ppjb,girik,adat,dll)",4400 mah,2,,baru,hos11166378,1,1,2,unfurnished,,,,,,,,,,,,,,,,
https://www.rumah123.com/properti/jakarta-timur/hos11181895/#qid~e62dfd6b-4855-4875-88ac-6bc0def498d9,Rp,"2,1",Miliar,Rumah 3 Lantai Rooftop Tanah Luas Di Jatinegara Indah,"Rawamangun, Jakarta Timur","Keamanan 24 jam, Taman,  Taman,  Masjid, Masjid,  Keamanan, CCTV",3,2,132 m²,88 m²,2,rumah,shm - sertifikat hak milik,2200 mah,2,2022,baru,hos11181895,,,,unfurnished,selatan,,,,,,,,,,,,,,,
https://www.rumah123.com/properti/jakarta-timur/hos11181602/#qid~e62dfd6b-4855-4875-88ac-6bc0def498d9,Rp,"2,6",Miliar,Cluster 2 Lantai di Rawamangun,"Rawamangun, Jakarta Timur","Taman, Keamanan",3,3,100 m²,130 m²,2,rumah,shm - sertifikat hak milik,3500 mah,2,2022,baru,hos11181602,1,1,,unfurnished,timur,,,,,,,,,,,,,,,
https://www.rumah123.com/properti/jakarta-barat/hos10211698/#qid~e62dfd6b-4855-4875-88ac-6bc0def498d9,Rp,"1,9",Miliar,ANDRE TJHIA Duri Kepa Minimalist House Bebas Banjir Jln 2 Mobil Langka,"Duri Kepa, Jakarta Barat","AC, Ac, Keamanan",3,3,65 m²,135 m²,2,rumah,shm - sertifikat hak milik,2200 mah,3,2022,bagus sekali,hos10211698,,,,semi furnished,utara,,,,,,,,,,,,,,,
https://www.rumah123.com/properti/jakarta-barat/hos11182242/#qid~e62dfd6b-4855-4875-88ac-6bc0def498d9,Rp,"1,45",Miliar,Rumah cantik 2 lantai siap huni.. @Metro Permata 2,"Metro permata, Jakarta Barat","AC,  Taman, Ac, Keamanan",3,2,90 m²,120 m²,1,rumah,shm - sertifikat hak milik,2200 mah,2,2000,bagus,hos11182242,1,,,unfurnished,,,,,,,,,,,,,,,,
https://www.rumah123.com/properti/jakarta-timur/hos10526347/#qid~e62dfd6b-4855-4875-88ac-6bc0def498d9,Rp,"3,2",Miliar,"Rumag mewah siap huni di Kav Marinir, jarang ada..","Duren Sawit, Jakarta Timur","Jogging Track,  Taman, Masjid,  Keamanan",4,4,216 m²,231 m²,1,rumah,shm - sertifikat hak milik,,2,,bagus,hos10526347,1,1,1,unfurnished,utara,,,,,,,,,,,,,,,
https://www.rumah123.com/properti/jakarta-selatan/hos10883766/#qid~e62dfd6b-4855-4875-88ac-6bc0def498d9,Rp,"9,5",Miliar,Rumah Siap Huni Sudah Renovasi di Pondok Indah Jakarta Selatan,"Pondok Indah, Jakarta Selatan","Taman, AC,  Jalur Telepon",4,3,247 m²,330 m²,2,rumah,shm - sertifikat hak milik,6600 mah,3,,sudah renovasi,hos10883766,1,1,2,semi furnished,timur,,,,,,,,,,,,,,,
https://www.rumah123.com/properti/jakarta-utara/hos10761194/#qid~e62dfd6b-4855-4875-88ac-6bc0def498d9,Rp,"8,3",Miliar,Rumah Golf Island Pik 10X20 Split Level,"Pantai Indah Kapuk, Jakarta Utara","Taman,  Kolam Renang, Jalur Telepon,  Keamanan,  Jogging Track",3,3,200 m²,297 m²,2,rumah,,5500 mah,2,2019,baru,hos10761194,1,1,1,unfurnished,,,,,,,,,,,,,,,,
https://www.rumah123.com/properti/jakarta-selatan/hos10319135/#qid~e62dfd6b-4855-4875-88ac-6bc0def498d9,Rp,40,Miliar,Senopati Luxurious Modern House Prime Area Best Deal Jarang Ada.,"Kebayoran Baru, Jakarta Selatan","Taman, Kolam Renang",4,4,522 m²,900 m²,2,rumah,shm - sertifikat hak milik,17600 mah,2,2014,bagus,hos10319135,4,1,2,,tenggara,,,,,,,,,,,,,,,
https://www.rumah123.com/properti/jakarta-selatan/hos11122300/#qid~e62dfd6b-4855-4875-88ac-6bc0def498d9,Rp,13,Miliar,Rumah compound mewah murah di kemang Jakarta Selatan,"Kemang, Jakarta Selatan"," Kolam Renang, Taman,  CCTV, Masjid,  Jalur Telepon,  Keamanan,  Ac,  Jogging Track",4,4,506 m²,350 m²,2,rumah,shm - sertifikat hak milik,7600 mah,2,2022,baru,hos11122300,2,1,2,semi furnished,,,,,,,,,,,,,,,,
https://www.rumah123.com/properti/jakarta-selatan/hos11121923/#qid~e62dfd6b-4855-4875-88ac-6bc0def498d9,Rp,"10,7",Miliar,"Rumah Bagus Terawat, 2 Lantai, Hook di Pondok Indah","Pondok Indah, Jakarta Selatan","Keamanan 24 jam,  Taman, Jalur Telepon,  CCTV, Masjid, Kitchen Set,  AC,  Playground, Wastafel, Tempat Jemuran",5,3,250 m²,300 m²,1,rumah,shm - sertifikat hak milik,4400 mah,2,1995,bagus,hos11121923,1,1,1,semi furnished,selatan,,,,,,,,,,,,,,,
https://www.rumah123.com/properti/jakarta-selatan/hos11019044/#qid~e62dfd6b-4855-4875-88ac-6bc0def498d9,Rp,"6,7",Miliar,Townhouse 3 Lantai Private Pool di Lebak Bulus Dekat Rs Mayapada Lebak Bulus,"Lebak Bulus, Jakarta Selatan"," Kolam Renang, Taman, Keamanan,  Ac",5,4,167 m²,404 m²,2,rumah,shm - sertifikat hak milik,,3,,bagus,hos11019044,1,1,2,semi furnished,,,,,,,,,,,,,,,,
https://www.rumah123.com/properti/jakarta-selatan/hos11068652/#qid~e62dfd6b-4855-4875-88ac-6bc0def498d9,Rp,21,Miliar,Rumah Mewah Lokasi Strategis Dengan Kolam Renang di Cipete Jakarta Selatan,"Cipete, Jakarta Selatan","Taman, Kolam Renang, Akses Parkir",4,4,786 m²,450 m²,2,rumah,shm - sertifikat hak milik,,1,,bagus,hos11068652,2,1,2,unfurnished,,,,,,,,,,,,,,,,
https://www.rumah123.com/properti/jakarta-barat/hos11108407/#qid~012bf8e4-f1ec-45c3-a438-76571f775f3b,Rp,"3,35",Miliar,Chandra Rumah Lama Lt 192m2 Lokasi Bagus di Komplek Kavling Polri,"Jelambar, Jakarta Barat",Jalur Telepon,1,1,192 m²,192 m²,,rumah,shm - sertifikat hak milik,,1,2010,bagus,hos11108407,,,,,,,,,,,,,,,,,,,,
https://www.rumah123.com/properti/jakarta-timur/hos9468785/#qid~012bf8e4-f1ec-45c3-a438-76571f775f3b,Rp,935,Juta,Rumah Murah Mewah Cipinang muara Kebon Nanas Jakarta Timur,"Cipinang, Jakarta Timur","Taman, Keamanan 24 jam,  Taman, Ac, AC,  Keamanan, CCTV",2,2,44 m²,90 m²,,rumah,shm - sertifikat hak milik,2200 mah,2,2022,baru,hos9468785,,,1,unfurnished,,,,,,,,,,,,,,,,
https://www.rumah123.com/properti/jakarta-utara/hos9386221/#qid~012bf8e4-f1ec-45c3-a438-76571f775f3b,Rp,"3,1",Miliar,Di jual rumah pik 2 8 x 12.5 harga Termurah,"Pantai Indah Kapuk, Jakarta Utara","Jalur Telepon, Keamanan",3,2,100 m²,115 m²,1,rumah,"lainnya (ppjb,girik,adat,dll)",4400 mah,2,2021,baru,hos9386221,1,1,,unfurnished,,,,,,,,,,,,,,,,
https://www.rumah123.com/properti/jakarta-utara/hos10238165/#qid~012bf8e4-f1ec-45c3-a438-76571f775f3b,Rp,"1,35",Miliar,Rumah Pik2 4.5X10 Posisi Bagus & Selatan,"Pantai Indah Kapuk, Jakarta Utara","Taman, Keamanan 24 jam,  Kolam Renang, Jalur Telepon,  Jalur Telepon, Kolam Renang,  Keamanan, Track Lari,  Jogging Track",2,2,45 m²,54 m²,1,rumah,,4400 mah,2,2021,baru,hos10238165,,,,unfurnished,,,,,,,,,,,,,,,,
https://www.rumah123.com/properti/jakarta-utara/hos10079375/#qid~012bf8e4-f1ec-45c3-a438-76571f775f3b,Rp,"2,9",Miliar,Rumah Minimalis PIK2 6X15 - Brand New - Siap Huni,"Pantai Indah Kapuk, Jakarta Utara"," Kolam Renang, Keamanan 24 jam,  Taman, Taman, Jalur Telepon, Jogging Track,  Keamanan, Track Lari",3,3,90 m²,119 m²,1,rumah,shm - sertifikat hak milik,4400 mah,2,2021,baru,hos10079375,1,1,,unfurnished,,,,,,,,,,,,,,,,
https://www.rumah123.com/properti/jakarta-barat/hos10756766/#qid~012bf8e4-f1ec-45c3-a438-76571f775f3b,Rp,"4,5",Miliar,Rumah Citra Garden 2 Extension. Brand New.3 Lantai.minimalis.nego,"Citra Garden, Jakarta Barat",AC,4,3,128 m²,275 m²,,rumah,shm - sertifikat hak milik,5500 mah,3,,baru,hos10756766,1,1,,semi furnished,selatan,,,,,,,,,,,,,,,
https://www.rumah123.com/properti/jakarta-utara/hos10761520/#qid~012bf8e4-f1ec-45c3-a438-76571f775f3b,Rp,525,Juta,Rumah minimalis 2 lantai lokasi dekat suntermall jakarta,"Tanjung Priok, Jakarta Utara","AC, Ac",2,1,24 m²,44 m²,,rumah,shm - sertifikat hak milik,1300 mah,2,2022,baru,hos10761520,,,,unfurnished,selatan,,,,,,,,,,,,,,,
https://www.rumah123.com/properti/jakarta-timur/hos10116318/#qid~012bf8e4-f1ec-45c3-a438-76571f775f3b,Rp,762,Juta,Di  Rumah 2 Lantai di Jalan Pisangan Baru Jakarta Timur,"Matraman, Jakarta Timur","Keamanan 24 jam, Keamanan",2,2,30 m²,56 m²,1,rumah,shm - sertifikat hak milik,2200 mah,2,2022,baru,hos10116318,,,1,unfurnished,,,,,,,,,,,,,,,,
https://www.rumah123.com/properti/jakarta-timur/hos10008254/#qid~012bf8e4-f1ec-45c3-a438-76571f775f3b,Rp,2,Miliar,Rumah Murah di Jalan Cipinang Baru Raya Jakarta Timur,"Rawamangun, Jakarta Timur","CCTV, Keamanan",3,3,56 m²,87 m²,1,rumah,shm - sertifikat hak milik,2200 mah,2,2022,baru,hos10008254,,,,unfurnished,,,,,,,,,,,,,,,,
https://www.rumah123.com/properti/jakarta-pusat/hos11325069/#qid~012bf8e4-f1ec-45c3-a438-76571f775f3b,Rp,477,Juta,Rumah Cantik 2 Lantai Dekat ITC Cempaka Mas Jakarta Pusat,"Sumur Batu, Jakarta Pusat","Tempat Jemuran, Keamanan",2,2,22 m²,40 m²,,rumah,shm - sertifikat hak milik,2200 mah,2,2022,baru,hos11325069,,,,unfurnished,,,,,,,,,,,,,,,,
https://www.rumah123.com/properti/jakarta-utara/hos9727104/#qid~012bf8e4-f1ec-45c3-a438-76571f775f3b,Rp,85,Miliar,Rumah Mewah Danau PIK Pantai Indah Kapuk,"Pantai Indah Kapuk, Jakarta Utara"," Jogging Track, Taman, Ac,  Keamanan",5,5,1000 m²,2800 m²,4,rumah,shm - sertifikat hak milik,7700 mah,3,2015,bagus sekali,hos9727104,1,1,4,semi furnished,,,,,,,,,,,,,,,,
https://www.rumah123.com/properti/jakarta-timur/hos11324434/#qid~012bf8e4-f1ec-45c3-a438-76571f775f3b,Rp,389,Juta,Rumah Murah 2 Lantai Dekat Pasar Pramuka Jakarta Timur,"Matraman, Jakarta Timur","Keamanan 24 jam, One Gate System, Keamanan",2,1,16 m²,38 m²,,rumah,shm - sertifikat hak milik,2200 mah,2,2022,baru,hos11324434,,,,unfurnished,,,,,,,,,,,,,,,,
https://www.rumah123.com/properti/jakarta-timur/hos9945268/#qid~012bf8e4-f1ec-45c3-a438-76571f775f3b,Rp,"7,8",Miliar,Turun Harga Rumah 2 Lantai Di Kebonanas Kampung Melayu,"Cipinang, Jakarta Timur",Ac,4,4,300 m²,175 m²,2,rumah,shm - sertifikat hak milik,7700 mah,2,,bagus,hos9945268,1,,1,unfurnished,,,,,,,,,,,,,,,,
https://www.rumah123.com/properti/jakarta-pusat/hos8317620/#qid~012bf8e4-f1ec-45c3-a438-76571f775f3b,Rp,"1,48",Miliar,Rumah Murah di cempaka putih Jakarta  pusat,"Cempaka Putih, Jakarta Pusat","CCTV, Tempat Jemuran, Keamanan",2,2,36 m²,69 m²,1,rumah,shm - sertifikat hak milik,2200 mah,2,2022,baru,hos8317620,,,1,unfurnished,utara,,,,,,,,,,,,,,,
https://www.rumah123.com/properti/jakarta-selatan/hos11310013/#qid~012bf8e4-f1ec-45c3-a438-76571f775f3b,Rp,"3,2",Miliar,Rumah luas murah strategi turun harga di kalibata pancoran jakse,"Kalibata, Jakarta Selatan"," Taman, Jalur Telepon,  CCTV, Kitchen Set,  Jalur Telepon, Ac, AC, CCTV, Tempat Jemuran",4,3,216 m²,241 m²,1,rumah,shm - sertifikat hak milik,3500 mah,2,2019,bagus,hos11310013,1,1,1,semi furnished,selatan,,,,,,,,,,,,,,,
https://www.rumah123.com/properti/jakarta-barat/hos10771399/#qid~012bf8e4-f1ec-45c3-a438-76571f775f3b,Rp,"82,8",Miliar,"Rumah di K.s Tubun, Jakarta Barat Pinggir Jalan Hitung Tanah Saja","Slipi, Jakarta Barat",Taman,5,3,1076 m²,120 m²,,rumah,shm - sertifikat hak milik,,1,,butuh renovasi,hos10771399,,,,unfurnished,timur,,,,,,,,,,,,,,,
https://www.rumah123.com/properti/jakarta-utara/hos11286910/#qid~012bf8e4-f1ec-45c3-a438-76571f775f3b,Rp,32,Miliar,"Rumah Pantai Indah Kapuk, Pik 325m2, Brandnew, Mewah, Pool, Marmer, Harga Nego","Pantai Indah Kapuk, Jakarta Utara","Keamanan 24 jam, Taman, Jalur Telepon,  CCTV, Kitchen Set, Track Lari, Wastafel",,,,,,rumah,,,,,,hos11286910,,,,,,4,4,325 m²,885 m²,shm - sertifikat hak milik,1,1,3,2022,baru,semi furnished,,,,
https://www.rumah123.com/properti/jakarta-barat/hos11295397/#qid~012bf8e4-f1ec-45c3-a438-76571f775f3b,Rp,"2,75",Miliar,Rumah Puri Gardena Luas 144m2 Bagus Dan Siap Huni,"Kalideres, Jakarta Barat",Jalur Telepon,5,3,144 m²,220 m²,,rumah,shm - sertifikat hak milik,,2,,sudah renovasi,hos11295397,1,,,semi furnished,,,,,,,,,,,,,,,,
https://www.rumah123.com/properti/jakarta-barat/hos11295397/#qid~e6a9f1bd-cb61-4026-af5a-80557b460232,Rp,"2,75",Miliar,Rumah Puri Gardena Luas 144m2 Bagus Dan Siap Huni,"Kalideres, Jakarta Barat",Jalur Telepon,5,3,144 m²,220 m²,,rumah,shm - sertifikat hak milik,,2,,sudah renovasi,hos11295397,1,,,semi furnished,,,,,,,,,,,,,,,,
https://www.rumah123.com/properti/jakarta-selatan/hos10934079/#qid~e6a9f1bd-cb61-4026-af5a-80557b460232,Rp,13,Miliar,RUMAH LUAS ASRI MURAH STRATEGIS DI JATI PADANG PEJATEN JAKSEL,"Jati Padang, Jakarta Selatan","Taman,  Taman, Jalur Telepon,  CCTV, Ac, AC, CCTV",5,5,928 m²,600 m²,4,rumah,shm - sertifikat hak milik,10600 mah,2,2015,bagus sekali,hos10934079,3,1,2,,selatan,,,,,,,,,,,,,,,
https://www.rumah123.com/properti/jakarta-selatan/hos9644462/#qid~e6a9f1bd-cb61-4026-af5a-80557b460232,Rp,"4,65",Miliar,Rumah Pondok Indah ~ Siap Huni Dekat PIM 2. Lebar 8m.,"Pondok Indah, Jakarta Selatan","Taman,  Masjid, Jalur Telepon,  Jalur Telepon, Kolam Renang, AC,  Keamanan,  Ac, Track Lari,  Jogging Track",3,2,120 m²,288 m²,2,rumah,shm - sertifikat hak milik,5500 mah,3,2000,bagus,hos9644462,1,1,,unfurnished,utara,,,,,,,,,,,,,,,
https://www.rumah123.com/properti/jakarta-utara/hos11321935/#qid~e6a9f1bd-cb61-4026-af5a-80557b460232,Rp,"2,9",Miliar,Rumah PIK2 Ukuran 6x15 Brand New Termurah Siap Huni,"Pantai Indah Kapuk, Jakarta Utara","Keamanan 24 jam, Taman,  Taman, Jogging Track,  Playground, Track Lari, Tempat Jemuran, Keamanan",3,3,90 m²,136 m²,2,rumah,shm - sertifikat hak milik,4400 mah,1,2022,baru,hos11321935,1,1,,unfurnished,,,,,,,,,,,,,,,,
https://www.rumah123.com/properti/jakarta-pusat/hos11321908/#qid~e6a9f1bd-cb61-4026-af5a-80557b460232,Rp,599,Juta,Rumah murah di sumur batu Jakarta pusat,"Kemayoran, Jakarta Pusat","Taman, Keamanan 24 jam,  Taman, Akses Parkir,  Kitchen Set,  Pemanas Air,  Mesin Cuci,  CCTV, Track Lari, Ac, Kulkas,  AC, Wastafel,  Keamanan,  One Gate System, CCTV, Tempat Jemuran,  Jogging Track",2,2,31 m²,44 m²,,rumah,shm - sertifikat hak milik,2200 mah,2,2022,baru,hos11321908,,,,unfurnished,timur,,,,,,,,,,,,,,,
https://www.rumah123.com/properti/jakarta-barat/hos11320425/#qid~e6a9f1bd-cb61-4026-af5a-80557b460232,Rp,"3,75",Miliar,Andre Tjhia Metland Puri Rumah Baru Hook Luxurious Design Dlm Cluster,"Metland Puri, Jakarta Barat","Taman, Keamanan 24 jam, Akses Parkir,  Taman, AC, Wastafel,  One Gate System, Track Lari, Tempat Jemuran",4,4,220 m²,270 m²,4,rumah,shm - sertifikat hak milik,3300 mah,2,,baru,hos11320425,1,1,,,,,,,,,,,,,,,,,,
https://www.rumah123.com/properti/jakarta-utara/hos11317048/#qid~e6a9f1bd-cb61-4026-af5a-80557b460232,Rp,21,Miliar,Turun Harga Rumah Modern Kondisi Bagus Pantai Mutiara,"Pantai Mutiara, Jakarta Utara","Taman,  Taman, Jalur Telepon, Tempat Jemuran",4,3,700 m²,1030 m²,4,rumah,shm - sertifikat hak milik,10000 mah,2,,bagus,hos11317048,,,,,,,,,,,,,,,,,,,,
https://www.rumah123.com/properti/jakarta-timur/hos11319648/#qid~e6a9f1bd-cb61-4026-af5a-80557b460232,Rp,859,Juta,Rumah 2 Lantai Moderen Dekat Perkantoran Pulo Gadung Jakarta Timur,"Pulo Gadung, Jakarta Timur","Keamanan 24 jam, Tempat Jemuran, Keamanan",2,2,39 m²,63 m²,1,rumah,shm - sertifikat hak milik,2200 mah,2,2022,baru,hos11319648,1,1,,unfurnished,,,,,,,,,,,,,,,,
https://www.rumah123.com/properti/jakarta-timur/hos11319428/#qid~e6a9f1bd-cb61-4026-af5a-80557b460232,Rp,"1,08",Miliar,Rumah Murah 2 Lantai dekat Area Perkantoran di Rawamangun Jakarta Timur,"Rawamangun, Jakarta Timur","Keamanan 24 jam, One Gate System, Keamanan",2,2,35 m²,69 m²,1,rumah,shm - sertifikat hak milik,2200 mah,2,2022,baru,hos11319428,,,,unfurnished,,,,,,,,,,,,,,,,
https://www.rumah123.com/properti/jakarta-barat/hos10869556/#qid~e6a9f1bd-cb61-4026-af5a-80557b460232,Rp,"1,5",Miliar,Rumah Cantik Mewah dan Murah di Palmerah Jakarta Barat,"Palmerah, Jakarta Barat","CCTV, Keamanan, Keamanan 24 jam",2,2,40 m²,71 m²,1,rumah,shm - sertifikat hak milik,2200 mah,2,2022,baru,hos10869556,1,1,,unfurnished,,,,,,,,,,,,,,,,
https://www.rumah123.com/properti/jakarta-barat/hos8145565/#qid~e6a9f1bd-cb61-4026-af5a-80557b460232,Rp,920,Juta,Rumah Murah Cantik dan Moderen di Kebun Jeruk Jakarta Barat,"Kebon Jeruk, Jakarta Barat","CCTV, Keamanan, Keamanan 24 jam",2,2,34 m²,67 m²,1,rumah,shm - sertifikat hak milik,2200 mah,2,2022,baru,hos8145565,,,,unfurnished,,,,,,,,,,,,,,,,
https://www.rumah123.com/properti/jakarta-selatan/hos11318784/#qid~e6a9f1bd-cb61-4026-af5a-80557b460232,Rp,"3,45",Miliar,RUMAH BARU MURAH MODERN MINIMALIS STRATEGIS DI CILANDAK KKO RAYA,"Cilandak, Jakarta Selatan","Taman, Tempat Jemuran, Keamanan, Kitchen Set",4,4,94 m²,200 m²,2,rumah,shm - sertifikat hak milik,2200 mah,3,2022,baru,hos11318784,1,1,,unfurnished,selatan,,,,,,,,,,,,,,,
https://www.rumah123.com/properti/jakarta-selatan/hos11317620/#qid~e6a9f1bd-cb61-4026-af5a-80557b460232,Rp,30,Miliar,Kost Cantik Full Furnished di Arteri Pondok Indah,"Pondok Indah, Jakarta Selatan","Keamanan 24 jam, Akses Parkir,  Taman, Jalur Telepon,  CCTV, Kitchen Set,  AC, Wastafel, Tempat Jemuran",50,50,517 m²,2417 m²,,rumah,shm - sertifikat hak milik,10000 mah,5,,bagus,hos11317620,,,10,furnished,,,,,,,,,,,,,,,,
https://www.rumah123.com/properti/jakarta-pusat/hos11068296/#qid~e6a9f1bd-cb61-4026-af5a-80557b460232,Rp,534,Juta,Rumah 2 lantai di jalan angkasa Kemayoran Jakarta pusat,"Kemayoran, Jakarta Pusat","Keamanan 24 jam, Keamanan",2,2,27 m²,42 m²,,rumah,shm - sertifikat hak milik,2200 mah,2,2022,baru,hos11068296,,,,unfurnished,barat,,,,,,,,,,,,,,,
https://www.rumah123.com/properti/jakarta-barat/hos11317251/#qid~e6a9f1bd-cb61-4026-af5a-80557b460232,Rp,"6,5",Miliar,"Dhyana Rumah Uk 11.5x22.5m Lokasi Bagus Komplek Thi, Jelambar","Jelambar, Jakarta Barat",Tempat Jemuran,6,5,258 m²,400 m²,,rumah,shm - sertifikat hak milik,,2,,bagus,hos11317251,,,,unfurnished,,,,,,,,,,,,,,,,
https://www.rumah123.com/properti/jakarta-barat/hos11317213/#qid~e6a9f1bd-cb61-4026-af5a-80557b460232,Rp,"1,85",Miliar,Chandra Rumah Uk 4.5x19m Harga Murah di Jelambar,"Jelambar, Jakarta Barat",Tempat Jemuran,3,3,84 m²,189 m²,,rumah,hgb - hak guna bangunan,,3,,bagus,hos11317213,,,,,,,,,,,,,,,,,,,,
https://www.rumah123.com/properti/jakarta-barat/hos11318051/#qid~e6a9f1bd-cb61-4026-af5a-80557b460232,Rp,"2,3",Miliar,Chandra Rumah Baru Uk 3.75x14.5m di Komplek Kavling Polri,"Jelambar, Jakarta Barat",Tempat Jemuran,4,3,55 m²,131 m²,,rumah,shm - sertifikat hak milik,,3,,baru,hos11318051,,,,,,,,,,,,,,,,,,,,
https://www.rumah123.com/properti/jakarta-timur/hos10843509/#qid~df9bbe3e-9d39-4033-92b4-c8e356b0754b,Rp,"1,14",Miliar,Rumah Mewah 2 Lantai di Cipinang Kebembem Jakarta Timur,"Cipinang, Jakarta Timur","AC, Ac, Keamanan",2,2,36 m²,71 m²,1,rumah,shm - sertifikat hak milik,2200 mah,2,2022,baru,hos10843509,,,1,unfurnished,selatan,,,,,,,,,,,,,,,
https://www.rumah123.com/properti/jakarta-timur/hos7411825/#qid~df9bbe3e-9d39-4033-92b4-c8e356b0754b,Rp,920,Juta,Rumah Mewah Full Bata Merah Bebas Banjir Di Jatiwaringin,"Jatiwaringin, Jakarta Timur","Taman, Kolam Renang",3,3,69 m²,65 m²,,rumah,shm - sertifikat hak milik,2200 mah,2,2021,baru,hos7411825,,,1,unfurnished,,,,,,,,,,,,,,,,
https://www.rumah123.com/properti/jakarta-timur/hos9575536/#qid~df9bbe3e-9d39-4033-92b4-c8e356b0754b,Rp,"2,5",Miliar,Rumah Mewah Full Bata Merah Di Rawamangun Bebas Banjir,"Pondok Kelapa, Jakarta Timur",Keamanan,3,3,74 m²,150 m²,1,rumah,shm - sertifikat hak milik,3500 mah,3,2022,baru,hos9575536,1,1,,unfurnished,,,,,,,,,,,,,,,,
https://www.rumah123.com/properti/jakarta-timur/hos7437650/#qid~df9bbe3e-9d39-4033-92b4-c8e356b0754b,Rp,"1,3",Miliar,Rumah Bagus di Jatiwaringin Bekasi,"Pondok Bambu, Jakarta Timur","Taman, Keamanan 24 jam,  Kolam Renang,  CCTV, Kolam Renang,  Keamanan,  One Gate System, Track Lari,  Jogging Track",3,2,71 m²,60 m²,,rumah,shm - sertifikat hak milik,2200 mah,2,2021,baru,hos7437650,,,,unfurnished,,,,,,,,,,,,,,,,
https://www.rumah123.com/properti/jakarta-barat/hos11316795/#qid~df9bbe3e-9d39-4033-92b4-c8e356b0754b,Rp,"3,39",Miliar,"Rumah Dijual Puri Mansion Ls tanah 120 m2. 2,5 Lantai renov!","Puri Mansion, Jakarta Barat","Keamanan 24 jam, Akses Parkir, Jalur Telepon,  Track Lari,  CCTV, Kitchen Set, Jogging Track,  Playground, Tempat Gym,  Keamanan,  One Gate System, Tempat Jemuran, Lapangan Basket",4,4,120 m²,200 m²,2,rumah,shm - sertifikat hak milik,4400 mah,2,2014,sudah renovasi,hos11316795,1,1,,semi furnished,utara,,,,,,,,,,,,,,,
https://www.rumah123.com/properti/jakarta-barat/hos10929584/#qid~df9bbe3e-9d39-4033-92b4-c8e356b0754b,Rp,"4,7",Miliar,Rumah Puri Mansion  Semi Furnished luas tanah 150 m2. Full renov,"Puri Mansion, Jakarta Barat"," Kolam Renang, Taman,  Jalur Telepon, Jogging Track,  Keamanan,  Ac",4,3,150 m²,280 m²,1,rumah,shm - sertifikat hak milik,5500 mah,2,2015,sudah renovasi,hos10929584,1,1,2,semi furnished,utara,,,,,,,,,,,,,,,
https://www.rumah123.com/properti/jakarta-barat/hos4536005/#qid~df9bbe3e-9d39-4033-92b4-c8e356b0754b,Rp,"12,5",Miliar,Rumah Permata Buana - Brand New - Depan Taman - Mewah!,"Permata Buana, Jakarta Barat"," Kolam Renang, Jogging Track, Taman",4,3,200 m²,700 m²,,rumah,"lainnya (ppjb,girik,adat,dll)",2200 mah,3,2018,baru,hos4536005,1,1,,unfurnished,barat,,,,,,,,,,,,,,,
https://www.rumah123.com/properti/jakarta-utara/hos10931553/#qid~df9bbe3e-9d39-4033-92b4-c8e356b0754b,Rp,"10,5",Miliar,Rumah Terbaik di Pluit Luas 200 m2 4 Pantai full! Ada rooftop,"Pluit, Jakarta Utara","Taman,  Jalur Telepon, Jogging Track,  Keamanan,  Ac",3,3,200 m²,660 m²,2,rumah,shm - sertifikat hak milik,7700 mah,4,2022,bagus sekali,hos10931553,1,2,2,semi furnished,utara,,,,,,,,,,,,,,,
https://www.rumah123.com/properti/jakarta-barat/hos10957065/#qid~df9bbe3e-9d39-4033-92b4-c8e356b0754b,Rp,"3,5",Miliar,Rumah Puri Mansion Ls tanah 120 m2. Kondisi siap huni.,"Puri Mansion, Jakarta Barat"," Taman,  Jalur Telepon, Keamanan, Kolam Renang,  Ac,  Jogging Track",3,2,120 m²,160 m²,,rumah,shm - sertifikat hak milik,2200 mah,2,2015,sudah renovasi,hos10957065,1,1,2,semi furnished,selatan,,,,,,,,,,,,,,,
https://www.rumah123.com/properti/jakarta-barat/hos10974579/#qid~df9bbe3e-9d39-4033-92b4-c8e356b0754b,Rp,"7,2",Miliar,"Rumah 3 Lantai Permata Buana. Luas 180 m2 , minimalis siap huni !","Permata Buana, Jakarta Barat"," Taman, Jalur Telepon, Ac,  Keamanan,  Jogging Track",4,3,180 m²,350 m²,1,rumah,shm - sertifikat hak milik,4400 mah,3,2017,sudah renovasi,hos10974579,1,1,1,semi furnished,utara,,,,,,,,,,,,,,,
https://www.rumah123.com/properti/jakarta-utara/hos10096427/#qid~df9bbe3e-9d39-4033-92b4-c8e356b0754b,Rp,12,Miliar,Rumah PIK Kayara siap huni lokasi sangat bagus,"Pantai Indah Kapuk, Jakarta Utara","AC, Ac",4,5,290 m²,320 m²,,rumah,shm - sertifikat hak milik,8000 mah,2,2015,bagus,hos10096427,,,,furnished,utara,,,,,,,,,,,,,,,
https://www.rumah123.com/properti/jakarta-utara/hos10915624/#qid~df9bbe3e-9d39-4033-92b4-c8e356b0754b,Rp,"19,8",Miliar,Dijual Rumah Hoek Luas 507 Komplek Villa Permata Gading Bagus Rapi Jalan Lebar,"Kelapa Gading, Jakarta Utara","Taman, Jalur Telepon, Track Lari,  Jalur Telepon,  Keamanan, CCTV,  Jogging Track",4,4,507 m²,804 m²,4,rumah,shm - sertifikat hak milik,10600 mah,2,,bagus,hos10915624,2,1,,semi furnished,,,,,,,,,,,,,,,,
https://www.rumah123.com/properti/jakarta-selatan/hos10187741/#qid~df9bbe3e-9d39-4033-92b4-c8e356b0754b,Rp,"2,9",Miliar,RUMAH DALAM CLUSTER +PRIVATE POLL  HARGA NEGO Di Lebak Bulus 5menit ke MRT,"Lebak Bulus, Jakarta Selatan","Taman,  Taman, Ac, Kolam Renang, AC,  Keamanan",4,4,116 m²,170 m²,2,rumah,shm - sertifikat hak milik,3500 mah,2,2022,baru,hos10187741,,,,semi furnished,timur,,,,,,,,,,,,,,,
https://www.rumah123.com/properti/jakarta-utara/hos8998529/#qid~df9bbe3e-9d39-4033-92b4-c8e356b0754b,Rp,"18,8",Miliar,Rumah PIK BGM View Danau,"Pantai Indah Kapuk, Jakarta Utara",AC,4,4,390 m²,500 m²,2,rumah,shm - sertifikat hak milik,,2,2021,bagus sekali,hos8998529,1,1,,semi furnished,,,,,,,,,,,,,,,,
https://www.rumah123.com/properti/jakarta-selatan/hos10612770/#qid~df9bbe3e-9d39-4033-92b4-c8e356b0754b,Rp,"2,52",Miliar,Rumah Luas 2 Lantai Bebas Banjir Di Andara Village Dekat Fatmawati Harga All In Kpr,"Cinere, Jakarta Selatan","Taman, Keamanan",4,3,150 m²,200 m²,,rumah,shm - sertifikat hak milik,2200 mah,2,,,hos10612770,1,,1,unfurnished,,,,,,,,,,,,,,,,
https://www.rumah123.com/properti/jakarta-barat/hos10612901/#qid~df9bbe3e-9d39-4033-92b4-c8e356b0754b,Rp,"2,34",Miliar,Rumah Strategis Siap Huni di Kembangan Baru Harga All In Bisa Kpr,"Kembangan, Jakarta Barat","Taman, Keamanan",3,2,97 m²,120 m²,,rumah,shm - sertifikat hak milik,2200 mah,2,,,hos10612901,,,1,unfurnished,,,,,,,,,,,,,,,,
https://www.rumah123.com/properti/jakarta-barat/hos10396499/#qid~df9bbe3e-9d39-4033-92b4-c8e356b0754b,Rp,"2,34",Miliar,Rumah Bebas Banjir Dekat Kebon Jeruk Harga All In Siap Kpr,"Kebon Jeruk, Jakarta Barat","Taman, Keamanan",,,,,,rumah,,,,,,hos10396499,,,,,,3,2,97 m²,120 m²,shm - sertifikat hak milik,,,2,,,unfurnished,1,2200 mah,1,
https://www.rumah123.com/properti/jakarta-timur/hos10634099/#qid~0b35c22f-9d89-44ed-8cba-578f8ff0cdf0,Rp,10,Miliar,Dijual Rumah Hoek 2 Lantai Pulo Mas Timur Lokasi Bagus Jalan Lebar,"Pulo Gadung, Jakarta Timur","Taman,  Masjid, Keamanan",4,4,400 m²,625 m²,3,rumah,shm - sertifikat hak milik,5500 mah,2,,bagus,hos10634099,2,1,2,semi furnished,barat,,,,,,,,,,,,,,,
https://www.rumah123.com/properti/jakarta-utara/hos9805375/#qid~0b35c22f-9d89-44ed-8cba-578f8ff0cdf0,Rp,"16,5",Miliar,Rumah Pantai Indah Kapuk Siap Huni Ada Pool,"Pantai Indah Kapuk, Jakarta Utara","AC, Keamanan,  Taman",4,3,459 m²,325 m²,,rumah,shm - sertifikat hak milik,,2,,sudah renovasi,hos9805375,1,1,,semi furnished,,,,,,,,,,,,,,,,
https://www.rumah123.com/properti/jakarta-barat/hos8867909/#qid~0b35c22f-9d89-44ed-8cba-578f8ff0cdf0,Rp,26,Miliar,Rumah Bagus Intercon Luas 747m2 Harga 26 Milyar Nego Tipis,"Intercon, Jakarta Barat","Taman, AC",6,7,747 m²,1000 m²,,rumah,shm - sertifikat hak milik,10600 mah,3,2015,sudah renovasi,hos8867909,2,1,,semi furnished,,,,,,,,,,,,,,,,
https://www.rumah123.com/properti/jakarta-barat/hos11249282/#qid~0b35c22f-9d89-44ed-8cba-578f8ff0cdf0,Rp,"2,4",Miliar,Axel Termurah Terlangka Jarang Ada Glc West Europe 6x15 Semi Furnish,"Green Lake City, Jakarta Barat","Keamanan 24 jam,  Kolam Renang, Taman,  Playground,  One Gate System",3,3,90 m²,120 m²,2,rumah,shm - sertifikat hak milik,4400 mah,2,,bagus,hos11249282,1,1,,semi furnished,,,,,,,,,,,,,,,,
https://www.rumah123.com/properti/jakarta-selatan/hos11248953/#qid~0b35c22f-9d89-44ed-8cba-578f8ff0cdf0,Rp,"1,9",Miliar,"Rumah dlm Komplek Pasar Minggu jaksel hny 1,9m","Pasar Minggu, Jakarta Selatan","Keamanan 24 jam, Masjid,  Akses Parkir, Wastafel, Tempat Jemuran, Keamanan",3,3,67 m²,150 m²,,rumah,shm - sertifikat hak milik,2200 mah,3,2022,baru,hos11248953,1,1,2,unfurnished,timur,,,,,,,,,,,,,,,
https://www.rumah123.com/properti/jakarta-timur/hos10686661/#qid~0b35c22f-9d89-44ed-8cba-578f8ff0cdf0,Rp,"2,2",Miliar,cepat rumah mewah minimalis termurah di griya permata cipinang Jakarta timur,"Jatinegara, Jakarta Timur"," Jogging Track, Taman, Ac,  Keamanan",4,2,108 m²,160 m²,1,rumah,shm - sertifikat hak milik,3300 mah,2,2018,bagus sekali,hos10686661,,,,semi furnished,,,,,,,,,,,,,,,,
https://www.rumah123.com/properti/jakarta-timur/hos8880542/#qid~0b35c22f-9d89-44ed-8cba-578f8ff0cdf0,Rp,"2,7",Miliar,cepat rumah mewah siap huni di duren sawit Jakarta timur,"Duren Sawit, Jakarta Timur","Taman, Jogging Track,  Masjid",3,3,171 m²,250 m²,,rumah,shm - sertifikat hak milik,3300 mah,2,2005,bagus,hos8880542,1,1,1,unfurnished,utara,,,,,,,,,,,,,,,
https://www.rumah123.com/properti/jakarta-timur/hos11177374/#qid~0b35c22f-9d89-44ed-8cba-578f8ff0cdf0,Rp,"4,55",Miliar,Dijual Cepat Rumah Cluster Mewah Murah Lokasi Fantastis Cipinang Jakarta Timur,"Cipinang, Jakarta Timur"," Pemanas Air, Jalur Telepon,  Jalur Telepon, Ac,  Kitchen Set,  Masjid,  Mesin Cuci,  CCTV, Masjid, Kulkas,  One Gate System, Wastafel,  Playground, CCTV, Keamanan 24 jam,  Taman,  AC,  Akses Parkir,  Keamanan, Tempat Jemuran",5,4,153 m²,180 m²,2,rumah,shm - sertifikat hak milik,3300 mah,2,2021,bagus,hos11177374,,,2,furnished,timur,,,,,,,,,,,,,,,
https://www.rumah123.com/properti/jakarta-barat/hos10808624/#qid~0b35c22f-9d89-44ed-8cba-578f8ff0cdf0,Rp,"1,1",Miliar,"Rumah 2 Lantai Murah Harga 1,1 M Di Jakarta Barat","Taman Palem, Jakarta Barat","Jogging Track,  Taman, Keamanan",2,2,55 m²,65 m²,1,rumah,shm - sertifikat hak milik,,2,,bagus,hos10808624,,,,,,,,,,,,,,,,,,,,
https://www.rumah123.com/properti/jakarta-selatan/hos11178465/#qid~0b35c22f-9d89-44ed-8cba-578f8ff0cdf0,Rp,16,Miliar,"Rumah Modern Classic Nuansa Tropis Kebayoran Lama, Gandaria Axl","Kebayoran Lama, Jakarta Selatan","Taman, Kolam Renang, Keamanan 24 jam",6,7,512 m²,700 m²,4,rumah,,,2,,bagus,hos11178465,2,1,2,,,,,,,,,,,,,,,,,
https://www.rumah123.com/properti/jakarta-selatan/hos11054209/#qid~0b35c22f-9d89-44ed-8cba-578f8ff0cdf0,Rp,63,Miliar,Rumah Hitung Tanah Jagakarsa,"Jagakarsa, Jakarta Selatan","Taman, Lapangan Tenis",4,3,5250 m²,200 m²,10,rumah,shm - sertifikat hak milik,,1,,bagus,hos11054209,,,2,,,,,,,,,,,,,,,,,
https://www.rumah123.com/properti/jakarta-pusat/hos8933092/#qid~e5b0d674-ed69-402a-b7ef-9b814eea96bf,Rp,"17,5",Miliar,Rumah Bagus Kokoh Di Bendungan Hilir ~ Lok.Strategis di Jakarta Pusat,"Bendungan Hilir, Jakarta Pusat","Taman, Keamanan 24 jam,  Taman, Jogging Track, AC,  Keamanan, Track Lari",5,6,376 m²,500 m²,,rumah,shm - sertifikat hak milik,7700 mah,2,1988,,hos8933092,1,1,2,semi furnished,utara,,,,,,,,,,,,,,,
https://www.rumah123.com/properti/jakarta-selatan/hos11177426/#qid~e5b0d674-ed69-402a-b7ef-9b814eea96bf,Rp,22,Miliar,Rumah Bangunan Kokoh 2 Lantai di Pondok Indah,"Pondok Indah, Jakarta Selatan"," Taman,  Masjid, Jalur Telepon, Kitchen Set,  Jalur Telepon,  AC, Kolam Renang, Jogging Track, Wastafel,  Keamanan,  Ac, Track Lari, Tempat Jemuran, Lapangan Tenis",5,4,425 m²,550 m²,4,rumah,shm - sertifikat hak milik,10000 mah,2,2000,bagus,hos11177426,2,1,2,semi furnished,barat,,,,,,,,,,,,,,,
https://www.rumah123.com/properti/jakarta-barat/hos11177057/#qid~e5b0d674-ed69-402a-b7ef-9b814eea96bf,Rp,"4,6",Miliar,Rumah Siap Huni Citra Garden 6 ukuran 10x15 - Selatan,"Citra Garden, Jakarta Barat","Taman, Keamanan 24 jam, Jalur Telepon,  One Gate System,  CCTV, Kitchen Set,  AC,  Keamanan,  Ac, Track Lari, Wastafel,  Jogging Track, Lapangan Basket",3,3,150 m²,200 m²,,rumah,shm - sertifikat hak milik,4400 mah,2,2017,bagus,hos11177057,1,1,2,semi furnished,selatan,,,,,,,,,,,,,,,
https://www.rumah123.com/properti/jakarta-utara/hos11127205/#qid~e5b0d674-ed69-402a-b7ef-9b814eea96bf,Rp,20,Miliar,Rumah Mewah Pantai Indah Kapuk 455m2 - Ada Pool - Full Marmer,"Pantai Indah Kapuk, Jakarta Utara","Keamanan 24 jam,  Kolam Renang,  Taman, Taman, Jalur Telepon, Track Lari,  CCTV, Kolam Renang, AC,  Keamanan,  Ac, CCTV,  Jogging Track",5,5,455 m²,900 m²,2,rumah,shm - sertifikat hak milik,11000 mah,4,,bagus,hos11127205,2,1,2,furnished,utara,,,,,,,,,,,,,,,
https://www.rumah123.com/properti/jakarta-barat/hos11173583/#qid~e5b0d674-ed69-402a-b7ef-9b814eea96bf,Rp,3,Miliar,Rumah Green Lake City Full Bangunan,"Green Lake City, Jakarta Barat","Keamanan 24 jam, Jalur Telepon, Kolam Renang,  Playground,  One Gate System, Tempat Jemuran",,,,,,rumah,,,,,,hos11173583,,,,,,3,3,108 m²,156 m²,shm - sertifikat hak milik,1,1,2,,bagus,semi furnished,2,4400 mah,,
https://www.rumah123.com/properti/jakarta-timur/hos10593217/#qid~e5b0d674-ed69-402a-b7ef-9b814eea96bf,Rp,"2,55",Miliar,Rumah Mewah Di Grand Wisata Bekasi,"Cawang, Jakarta Timur"," Kolam Renang, Taman,  Masjid, Track Lari, Kolam Renang, AC,  Keamanan,  Ac, CCTV,  Jogging Track",4,3,145 m²,125 m²,2,rumah,shm - sertifikat hak milik,2200 mah,2,2022,baru,hos10593217,1,1,2,semi furnished,timur,,,,,,,,,,,,,,,
https://www.rumah123.com/properti/jakarta-utara/hos11171223/#qid~e5b0d674-ed69-402a-b7ef-9b814eea96bf,Rp,"4,9",Miliar,Axel Harga Hanya Minggu Ini Termurah Se Planet Best Price Rumah Pik 2 Boulevard 10x15,"Pantai Indah Kapuk, Jakarta Utara","Keamanan 24 jam, Taman",4,4,150 m²,209 m²,,rumah,shm - sertifikat hak milik,,2,,,hos11171223,1,1,,unfurnished,,,,,,,,,,,,,,,,
https://www.rumah123.com/properti/jakarta-selatan/hos9578328/#qid~e5b0d674-ed69-402a-b7ef-9b814eea96bf,Rp,16,Miliar,Rumah di pingir jalan pondok Indah,"Pondok Indah, Jakarta Selatan",Kolam Renang,4,3,480 m²,480 m²,2,rumah,shm - sertifikat hak milik,4400 mah,2,2010,butuh renovasi,hos9578328,,,1,unfurnished,,,,,,,,,,,,,,,,
https://www.rumah123.com/properti/jakarta-utara/hos11140921/#qid~e5b0d674-ed69-402a-b7ef-9b814eea96bf,Rp,26,Miliar,Axel Jamin Termurmer Deal Rumah Hook Super Mewah Pik 785m2,"Pantai Indah Kapuk, Jakarta Utara",Keamanan 24 jam,5,5,785 m²,785 m²,4,rumah,shm - sertifikat hak milik,,2,,bagus,hos11140921,1,1,2,,,,,,,,,,,,,,,,,
https://www.rumah123.com/properti/jakarta-barat/hos11170755/#qid~e5b0d674-ed69-402a-b7ef-9b814eea96bf,Rp,"2,05",Miliar,Axel Best Deal Fully Furnish Mewah Rumah Green Puri 6x15 Tinggal Masuk,"Duri Kosambi, Jakarta Barat","Keamanan 24 jam,  Kolam Renang, Taman, Kitchen Set,  AC,  One Gate System, Pemanas Air",3,2,90 m²,100 m²,,rumah,shm - sertifikat hak milik,,2,,bagus,hos11170755,1,1,,furnished,,,,,,,,,,,,,,,,
https://www.rumah123.com/properti/jakarta-utara/hos11169529/#qid~e5b0d674-ed69-402a-b7ef-9b814eea96bf,Rp,725,Juta,Rumah 2 Lantai + Rooftop di Koja Jakarta Utara,"Koja, Jakarta Utara","Taman,  Kolam Renang, Akses Parkir, Keamanan 24 jam,  CCTV,  One Gate System, CCTV, Wastafel",2,2,34 m²,64 m²,1,rumah,shm - sertifikat hak milik,2200 mah,3,2022,baru,hos11169529,,,,unfurnished,timur,,,,,,,,,,,,,,,
https://www.rumah123.com/properti/jakarta-timur/hos10613315/#qid~e5b0d674-ed69-402a-b7ef-9b814eea96bf,Rp,"2,52",Miliar,Rumah Minimalis Siap Kpr Bebas Banjir Strategis Dekat Jatinegara Harga All In,"Jatinegara, Jakarta Timur","Taman, Keamanan",3,3,180 m²,115 m²,,rumah,shm - sertifikat hak milik,5500 mah,1,,bagus,hos10613315,,,2,unfurnished,,,,,,,,,,,,,,,,
https://www.rumah123.com/properti/jakarta-timur/hos11167907/#qid~be1e2b63-d273-4b6f-9196-7b57abf803ed,Rp,"1,05",Miliar,Rumah Mewah Di Dekat Monumen Pancasila Jakarta Timur,"Lubang Buaya, Jakarta Timur","Taman, Keamanan 24 jam,  One Gate System, CCTV, Tempat Jemuran, Keamanan",,,,,,rumah,,,,,,hos11167907,,,,,,3,2,56 m²,70 m²,shm - sertifikat hak milik,,,1,2022,baru,unfurnished,1,2200 mah,,selatan
https://www.rumah123.com/properti/jakarta-barat/hos9372869/#qid~be1e2b63-d273-4b6f-9196-7b57abf803ed,Rp,"8,8",Miliar,"Rumah Mewah, Sangat Strategis Di Duri Kepa Jakarta Barat.","Duri Kepa, Jakarta Barat"," Kolam Renang,  Taman,  CCTV, Masjid,  Jalur Telepon, Keamanan,  Ac,  Jogging Track",6,8,212 m²,450 m²,2,rumah,shm - sertifikat hak milik,8000 mah,4,2019,baru,hos9372869,1,,2,furnished,selatan,,,,,,,,,,,,,,,
https://www.rumah123.com/properti/jakarta-selatan/hos11108876/#qid~be1e2b63-d273-4b6f-9196-7b57abf803ed,Rp,12,Miliar,Rumah Bagus di Vila Hijau Pondok Indah,"Pondok Indah, Jakarta Selatan","Taman, Keamanan 24 jam,  Taman, Masjid,  Akses Parkir, AC, Wastafel",4,4,307 m²,400 m²,1,rumah,shm - sertifikat hak milik,,2,,bagus,hos11108876,2,1,2,unfurnished,timur,,,,,,,,,,,,,,,
https://www.rumah123.com/properti/jakarta-barat/hos11084104/#qid~be1e2b63-d273-4b6f-9196-7b57abf803ed,Rp,"4,3",Miliar,Rumah Riviera Puri Brand New 8X18 - Phase 1 - Selatan,"Green Lake City, Jakarta Barat","Taman, Kolam Renang,  Jogging Track,  Keamanan",3,3,144 m²,200 m²,2,rumah,shm - sertifikat hak milik,4400 mah,2,2020,baru,hos11084104,1,1,,unfurnished,selatan,,,,,,,,,,,,,,,
https://www.rumah123.com/properti/jakarta-selatan/hos11107394/#qid~be1e2b63-d273-4b6f-9196-7b57abf803ed,Rp,"1,29",Miliar,Rumah Murah Minimalis Modern 2 Lantai 3 Kt Dekat Cbd Bintaro Jaya,"Bintaro, Jakarta Selatan","Taman, Keamanan 24 jam, Akses Parkir,  Taman,  CCTV, Wastafel,  One Gate System, Tempat Jemuran",3,2,60 m²,70 m²,1,rumah,shm - sertifikat hak milik,2200 mah,2,2022,bagus,hos11107394,,,,unfurnished,utara,,,,,,,,,,,,,,,
https://www.rumah123.com/properti/jakarta-utara/hos10698568/#qid~be1e2b63-d273-4b6f-9196-7b57abf803ed,Rp,12,Miliar,VIEW DANAU ! Rumah Lotus Palace PIK Hadap Timur Uk 8x27,"Pantai Indah Kapuk, Jakarta Utara",Jalur Telepon,3,3,216 m²,528 m²,,rumah,"lainnya (ppjb,girik,adat,dll)",4400 mah,3,,bagus sekali,hos10698568,,,,semi furnished,,,,,,,,,,,,,,,,
https://www.rumah123.com/properti/jakarta-utara/hos11315506/#qid~be1e2b63-d273-4b6f-9196-7b57abf803ed,Rp,"17,5",Miliar,"Rumah Bukit Golf Mediterania 325m2, Pantai Indah Kapik, Pik, Cluster Bagus, Jarang Ada. Harga Nego","Pantai Indah Kapuk, Jakarta Utara","Keamanan 24 jam, Taman,  Taman, Jalur Telepon, Kitchen Set, Wastafel, Tempat Jemuran",,,,,,rumah,,,,,,hos11315506,,,,,,6,4,325 m²,600 m²,shm - sertifikat hak milik,1,1,3,,bagus,semi furnished,,,,utara
https://www.rumah123.com/properti/jakarta-selatan/hos10069468/#qid~be1e2b63-d273-4b6f-9196-7b57abf803ed,Rp,"5,9",Miliar,"Rumah Baru Minimalis  Semi Furnished di Jl. Purnama, Cipete","Cipete, Jakarta Selatan","Taman, Ac",4,3,144 m²,373 m²,1,rumah,shm - sertifikat hak milik,4400 mah,3,2021,baru,hos10069468,2,1,2,semi furnished,tenggara,,,,,,,,,,,,,,,
https://www.rumah123.com/properti/jakarta-selatan/hos8928716/#qid~be1e2b63-d273-4b6f-9196-7b57abf803ed,Rp,"5,9",Miliar,Townhouse Daerah Permata Hijau,"Permata Hijau, Jakarta Selatan","Taman, Ac",,,,,,rumah,,,,,,hos8928716,,,,,,3,3,195 m²,350 m²,,2,1,3,2021,baru,semi furnished,1,4400 mah,4,barat
https://www.rumah123.com/properti/jakarta-utara/hos4558445/#qid~be1e2b63-d273-4b6f-9196-7b57abf803ed,Rp,108,Miliar,Rumah Paling Luas Di Pantai Mutiara 3 Lantai Perlu Finishing,"Pantai Mutiara, Jakarta Utara","Taman, Kolam Renang,  Jogging Track,  Keamanan",7,8,2700 m²,5000 m²,4,rumah,,,3,2009,butuh renovasi,hos4558445,3,2,12,unfurnished,utara,,,,,,,,,,,,,,,
https://www.rumah123.com/properti/jakarta-utara/hos11314135/#qid~be1e2b63-d273-4b6f-9196-7b57abf803ed,Rp,"12,5",Miliar,Dijual Rumah Kuda Laut Hoek TERMURAH!!!,"Pantai Indah Kapuk, Jakarta Utara"," Kolam Renang,  Pemanas Air,  Taman, Jalur Telepon,  Mesin Cuci,  CCTV, Track Lari,  Jalur Telepon, Kulkas,  AC, Jogging Track, Wastafel,  Keamanan,  Ac, CCTV, Tempat Jemuran,  Kitchen Set",,,260 m²,540 m²,,rumah,shm - sertifikat hak milik,5500 mah,3,,sudah renovasi,hos11314135,,,,semi furnished,selatan,,,,,,,,,,,,,,,
https://www.rumah123.com/properti/jakarta-utara/hos11313931/#qid~be1e2b63-d273-4b6f-9196-7b57abf803ed,Rp,"2,35",Miliar,Rumah PIK2 Ukuran 8x10 Brand New Termurah Cluster Danau,"Pantai Indah Kapuk, Jakarta Utara"," Kolam Renang, Keamanan 24 jam,  Taman, Taman, Jogging Track,  Playground, Track Lari, Tempat Jemuran, Keamanan",,,,,,rumah,,,,,,hos11313931,,,,,,3,3,80 m²,98 m²,shm - sertifikat hak milik,1,1,2,2022,baru,unfurnished,2,4400 mah,,
https://www.rumah123.com/properti/jakarta-utara/hos11307689/#qid~be1e2b63-d273-4b6f-9196-7b57abf803ed,Rp,29,Miliar,"Rumah Mewah Pantai Indah Kapuk, Modern, Siap Huni, Bagus","Pantai Indah Kapuk, Jakarta Utara"," Kolam Renang, Keamanan 24 jam,  Taman, Akses Parkir, Jalur Telepon,  CCTV, Kitchen Set,  AC,  Playground, Wastafel, Tempat Gym,  One Gate System, Track Lari, Tempat Jemuran",4,5,520 m²,1000 m²,2,rumah,shm - sertifikat hak milik,16500 mah,3,2016,bagus,hos11307689,2,1,2,semi furnished,,,,,,,,,,,,,,,,
https://www.rumah123.com/properti/jakarta-selatan/hos10546091/#qid~be1e2b63-d273-4b6f-9196-7b57abf803ed,Rp,"1,25",Miliar,Rumah Harga nego Rumah di Srengseng sawah Jagakarsa 2 Lantai SHM,"Jagakarsa, Jakarta Selatan","Taman, Ac,  Keamanan",3,3,77 m²,120 m²,1,rumah,shm - sertifikat hak milik,2200 mah,2,2022,baru,hos10546091,,,1,,,,,,,,,,,,,,,,,
https://www.rumah123.com/properti/jakarta-selatan/hos11027851/#qid~be1e2b63-d273-4b6f-9196-7b57abf803ed,Rp,"5,5",Miliar,Rumah  3lantai plus private poll Harga nego full Bata merah,"Jagakarsa, Jakarta Selatan","Taman,  Taman, Jalur Telepon,  Jalur Telepon, Kolam Renang, AC,  Keamanan,  Ac",5,4,165 m²,300 m²,2,rumah,shm - sertifikat hak milik,3500 mah,3,2022,baru,hos11027851,1,1,3,semi furnished,selatan,,,,,,,,,,,,,,,
https://www.rumah123.com/properti/jakarta-selatan/hos10005868/#qid~be1e2b63-d273-4b6f-9196-7b57abf803ed,Rp,"2,5",Miliar,Rumah siap Huni Dalam cluster Harga nego Dket ke stasiun Lenteng agung dan Toll Brigif,"Jagakarsa, Jakarta Selatan","Taman, AC, Ac",5,4,126 m²,240 m²,2,rumah,shm - sertifikat hak milik,3300 mah,2,2022,,hos10005868,,,,semi furnished,timur,,,,,,,,,,,,,,,
https://www.rumah123.com/properti/jakarta-selatan/hos10179987/#qid~be1e2b63-d273-4b6f-9196-7b57abf803ed,Rp,"3,7",Miliar,RUMAH BARU DI JAGAKARSA,"Jagakarsa, Jakarta Selatan","Keamanan 24 jam, AC, Ac, Keamanan",5,5,139 m²,240 m²,2,rumah,shm - sertifikat hak milik,3500 mah,2,2022,baru,hos10179987,,,,semi furnished,timur laut,,,,,,,,,,,,,,,
https://www.rumah123.com/properti/jakarta-selatan/hos9079152/#qid~4b22cd4b-f458-4cb0-aea2-1cc22e3def3f,Rp,"2,85",Miliar,RUMAH BARU MURAH PLUS MINI POLL DI CLUSTER DI LEBAK BULUS  JAKSEL,"Lebak Bulus, Jakarta Selatan","Taman, Kolam Renang",3,3,114 m²,150 m²,2,rumah,shm - sertifikat hak milik,4400 mah,1,2021,baru,hos9079152,1,1,,unfurnished,timur,,,,,,,,,,,,,,,
https://www.rumah123.com/properti/jakarta-selatan/hos11121999/#qid~4b22cd4b-f458-4cb0-aea2-1cc22e3def3f,Rp,"4,19",Miliar,Rumah baru murah siap huni dalam cluster di pejaten barat jaksel,"Pejaten, Jakarta Selatan","Taman,  CCTV, Jalur Telepon,  Keamanan",4,3,152 m²,186 m²,2,rumah,shm - sertifikat hak milik,3300 mah,2,2022,baru,hos11121999,1,1,,semi furnished,selatan,,,,,,,,,,,,,,,
https://www.rumah123.com/properti/jakarta-selatan/hos11238690/#qid~4b22cd4b-f458-4cb0-aea2-1cc22e3def3f,Rp,14,Miliar,Rumah mewah strategis full furnished di pondok indah  jaksel,"Pondok Indah, Jakarta Selatan","Keamanan 24 jam,  Pemanas Air,  Taman, Akses Parkir, Jalur Telepon,  Mesin Cuci,  CCTV,  Jalur Telepon, Ac, Kulkas,  AC,  Playground, Wastafel,  Keamanan,  One Gate System, CCTV, Tempat Jemuran,  Kitchen Set",,,,,,rumah,,,,,,hos11238690,,,,,,4,4,200 m²,400 m²,shm - sertifikat hak milik,2,1,3,2020,bagus,furnished,2,6600 mah,1,timur
https://www.rumah123.com/properti/jakarta-selatan/hos11308066/#qid~4b22cd4b-f458-4cb0-aea2-1cc22e3def3f,Rp,"3,72",Miliar,Rumah Baru Mewah Siap Huni Dalam Cluster Di Jagakarsa Raya Jaksel,"Jagakarsa, Jakarta Selatan","Taman,  CCTV, Kitchen Set, CCTV, Tempat Jemuran, Keamanan",4,4,112 m²,240 m²,2,rumah,shm - sertifikat hak milik,3500 mah,3,2022,baru,hos11308066,2,1,2,semi furnished,timur,,,,,,,,,,,,,,,
https://www.rumah123.com/properti/jakarta-selatan/hos11308774/#qid~4b22cd4b-f458-4cb0-aea2-1cc22e3def3f,Rp,"3,45",Miliar,Rumah baru strategis dalam townhouse di cilandak raya kko jaksel,"Cilandak, Jakarta Selatan","Taman, Kitchen Set,  Keamanan, CCTV, Tempat Jemuran",4,3,94 m²,200 m²,2,rumah,shm - sertifikat hak milik,3300 mah,3,2022,baru,hos11308774,1,1,,semi furnished,selatan,,,,,,,,,,,,,,,
https://www.rumah123.com/properti/jakarta-barat/hos11308055/#qid~4b22cd4b-f458-4cb0-aea2-1cc22e3def3f,Rp,"3,6",Miliar,"Rumah Puri Indah 120m Hoek, Rapi Siap Huni, Semi Furnish","Puri Indah, Jakarta Barat",Tempat Jemuran,4,3,120 m²,200 m²,2,rumah,shm - sertifikat hak milik,,3,,bagus,hos11308055,1,1,,semi furnished,,,,,,,,,,,,,,,,
https://www.rumah123.com/properti/jakarta-barat/hos11307960/#qid~4b22cd4b-f458-4cb0-aea2-1cc22e3def3f,Rp,12,Miliar,"Rumah Dutamas 378m, Kondisi Bagus Rapi Siap Huni, Semi Furnish","Jelambar, Jakarta Barat",Tempat Jemuran,5,4,378 m²,1000 m²,1,rumah,shm - sertifikat hak milik,6600 mah,3,,bagus,hos11307960,2,1,2,semi furnished,,,,,,,,,,,,,,,,
https://www.rumah123.com/properti/jakarta-barat/hos11307493/#qid~4b22cd4b-f458-4cb0-aea2-1cc22e3def3f,Rp,5,Miliar,"Rumah Citra 240m Hoek, Kondisi Rapi, Siap Huni, Lokasi Bagus","Citra Garden, Jakarta Barat",Taman,4,3,240 m²,250 m²,1,rumah,shm - sertifikat hak milik,,2,,bagus,hos11307493,1,1,,semi furnished,,,,,,,,,,,,,,,,
https://www.rumah123.com/properti/jakarta-barat/hos11307383/#qid~4b22cd4b-f458-4cb0-aea2-1cc22e3def3f,Rp,"3,35",Miliar,Rumah Puri Mansion 2.5lt Renovasi Termurah!!!,"Puri Mansion, Jakarta Barat","Tempat Jemuran, Keamanan",4,3,120 m²,200 m²,,rumah,shm - sertifikat hak milik,3500 mah,2,2015,bagus,hos11307383,1,,,unfurnished,,,,,,,,,,,,,,,,
https://www.rumah123.com/properti/jakarta-timur/hos8541954/#qid~4b22cd4b-f458-4cb0-aea2-1cc22e3def3f,Rp,3,Miliar,Rumah Murah di Rawamangun,"Rawamangun, Jakarta Timur","Taman, Masjid,  Jalur Telepon,  Keamanan",4,3,179 m²,230 m²,2,rumah,shm - sertifikat hak milik,2200 mah,2,1993,sudah renovasi,hos8541954,1,,,unfurnished,timur,,,,,,,,,,,,,,,
https://www.rumah123.com/properti/jakarta-utara/hos10973118/#qid~4b22cd4b-f458-4cb0-aea2-1cc22e3def3f,Rp,"10,9",Miliar,Rumah Kuda laut 3lantai Hoek  Rapi Siap Huni,"Pantai Indah Kapuk, Jakarta Utara","Keamanan 24 jam, AC, Ac, Keamanan",,,,,,rumah,,,,,,hos10973118,,,,,,4,3,290 m²,500 m²,shm - sertifikat hak milik,1,1,3,2012,bagus,semi furnished,1,7700 mah,1,
https://www.rumah123.com/properti/jakarta-selatan/hos11304422/#qid~4b22cd4b-f458-4cb0-aea2-1cc22e3def3f,Rp,"20,9",Miliar,"Rumah Tua Kemang, Jakarta Selatan","Kemang, Jakarta Selatan","Taman, Tempat Jemuran",4,3,1197 m²,500 m²,4,rumah,shm - sertifikat hak milik,,1,,butuh renovasi,hos11304422,,,,unfurnished,timur,,,,,,,,,,,,,,,
https://www.rumah123.com/properti/jakarta-utara/hos11288092/#qid~4b22cd4b-f458-4cb0-aea2-1cc22e3def3f,Rp,"6,8",Miliar,Rumah Full Renov Garden House PIK 8x17 - Selatan,"Pantai Indah Kapuk, Jakarta Utara"," Kolam Renang,  Pemanas Air,  Taman,  Kitchen Set, Jalur Telepon,  Mesin Cuci,  CCTV, Ac, Kulkas,  AC, Wastafel,  Keamanan, Track Lari, Tempat Jemuran,  Jogging Track, Lapangan Basket",5,5,136 m²,300 m²,3,rumah,shm - sertifikat hak milik,7700 mah,3,2018,bagus,hos11288092,1,1,,semi furnished,selatan,,,,,,,,,,,,,,,
https://www.rumah123.com/properti/jakarta-utara/hos10747985/#qid~4b22cd4b-f458-4cb0-aea2-1cc22e3def3f,Rp,3,Miliar,"Rumah 6x15 di Pantai Indah Kapuk 2, 2 Lantai Unfurnished","Pantai Indah Kapuk, Jakarta Utara"," Kolam Renang,  Taman, Jogging Track, Track Lari, Keamanan",3,3,90 m²,120 m²,2,rumah,shm - sertifikat hak milik,2200 mah,2,2022,baru,hos10747985,1,1,,unfurnished,selatan,,,,,,,,,,,,,,,
https://www.rumah123.com/properti/jakarta-pusat/hos11084909/#qid~4b22cd4b-f458-4cb0-aea2-1cc22e3def3f,Rp,477,Juta,Rumah Murah Cantik Cempaka mas Sumur Batu Kemayoran Sunter,"Sumur Batu, Jakarta Pusat","CCTV, Keamanan",2,2,22 m²,40 m²,,rumah,shm - sertifikat hak milik,2200 mah,2,2022,baru,hos11084909,,,,unfurnished,,,,,,,,,,,,,,,,
https://www.rumah123.com/properti/jakarta-selatan/hos9033690/#qid~db2fa181-5285-44dd-8818-8e5cff587799,Rp,32,Miliar,Kebayoran Baru Darmawangsa Lokasi Tenang Elite,"Kebayoran Baru, Jakarta Selatan","Taman, AC,  Keamanan",5,2,597 m²,350 m²,4,rumah,shm - sertifikat hak milik,5500 mah,1,2000,bagus,hos9033690,2,1,2,unfurnished,selatan,,,,,,,,,,,,,,,
https://www.rumah123.com/properti/jakarta-utara/hos11184131/#qid~db2fa181-5285-44dd-8818-8e5cff587799,Rp,"6,75",Miliar,Rumah PIK 2 10x18m Brandnew Minimalis,"Pantai Indah Kapuk, Jakarta Utara","Taman, Wastafel, Keamanan",4,4,180 m²,224 m²,2,rumah,"lainnya (ppjb,girik,adat,dll)",4400 mah,2,,baru,hos11184131,1,1,,unfurnished,,,,,,,,,,,,,,,,
https://www.rumah123.com/properti/jakarta-selatan/hos10838614/#qid~db2fa181-5285-44dd-8818-8e5cff587799,Rp,"14,5",Miliar,Gatot Subroto Komplek Dekat Area Bisnis Dan Perkantoran 510m,"Gatot Subroto, Jakarta Selatan"," AC,  Taman, Jalur Telepon, Keamanan",12,13,510 m²,500 m²,8,rumah,shm - sertifikat hak milik,9500 mah,2,2010,bagus,hos10838614,1,1,,semi furnished,barat,,,,,,,,,,,,,,,
https://www.rumah123.com/properti/jakarta-selatan/hos9542150/#qid~db2fa181-5285-44dd-8818-8e5cff587799,Rp,"11,8",Miliar,Dijual Kost di Kebayoran Lama Baru Siap Renov Omzet 105 Jt Perbln,"Kebayoran Lama, Jakarta Selatan","AC, Masjid,  CCTV,  Keamanan",57,57,491 m²,1500 m²,2,rumah,shm - sertifikat hak milik,5500 mah,4,2011,sudah renovasi,hos9542150,1,1,10,furnished,,,,,,,,,,,,,,,,
https://www.rumah123.com/properti/jakarta-barat/hos10210049/#qid~db2fa181-5285-44dd-8818-8e5cff587799,Rp,"4,6",Miliar,ANDRE TJHIA Permata Buana Lokasi Bagus Rumah Siap Huni Semi Furnish,"Permata Buana, Jakarta Barat","Taman, Keamanan 24 jam, Track Lari, AC,  Ac,  Jogging Track, Keamanan",4,2,200 m²,200 m²,3,rumah,shm - sertifikat hak milik,2200 mah,2,2022,bagus sekali,hos10210049,1,1,,semi furnished,barat,,,,,,,,,,,,,,,
https://www.rumah123.com/properti/jakarta-utara/hos11238117/#qid~db2fa181-5285-44dd-8818-8e5cff587799,Rp,"5,7",Miliar,Rumah hook rapi siap huni semi furnish jarang ada blok 10 Muara Karang,"Muara Karang, Jakarta Utara","Jalur Telepon,  CCTV, Kitchen Set,  AC,  Ac, Pemanas Air, Tempat Jemuran, Keamanan, Lapangan Basket",3,3,190 m²,225 m²,3,rumah,shm - sertifikat hak milik,4400 mah,3,2015,sudah renovasi,hos11238117,1,1,,semi furnished,selatan,,,,,,,,,,,,,,,
https://www.rumah123.com/properti/jakarta-barat/hos11236710/#qid~db2fa181-5285-44dd-8818-8e5cff587799,Rp,"1,35",Miliar,Chandra Rumah Uk 3x12m Jalan 2 Mobil di Jelambar,"Jelambar, Jakarta Barat",Jalur Telepon,3,3,36 m²,73 m²,,rumah,shm - sertifikat hak milik,3500 mah,4,,bagus,hos11236710,,,,,,,,,,,,,,,,,,,,
https://www.rumah123.com/properti/jakarta-barat/hos11236394/#qid~db2fa181-5285-44dd-8818-8e5cff587799,Rp,"2,5",Miliar,"Chandra Rumah Uk 7,8x15m Bebas Banjir di Jelambar","Jelambar, Jakarta Barat",Jalur Telepon,3,2,117 m²,150 m²,,rumah,shm - sertifikat hak milik,,2,,bagus,hos11236394,1,,,,,,,,,,,,,,,,,,,
https://www.rumah123.com/properti/jakarta-barat/hos11195347/#qid~db2fa181-5285-44dd-8818-8e5cff587799,Rp,"8,5",Miliar,Chandra Rumah Hoek 2.5 Lantai Luas 377m2 Lokasi Bagus Komplek Kavling Porli,"Jelambar, Jakarta Barat",Jalur Telepon,4,4,377 m²,570 m²,,rumah,shm - sertifikat hak milik,5500 mah,2,2020,bagus,hos11195347,1,1,,,,,,,,,,,,,,,,,,
https://www.rumah123.com/properti/jakarta-selatan/hos9366029/#qid~db2fa181-5285-44dd-8818-8e5cff587799,Rp,4,Miliar,RUMAH TANAH LUAS DI JL.DURIAN AKSES TRDEPAN JAGAKARSA DLM CLUSTER,"Jagakarsa, Jakarta Selatan"," Kolam Renang,  Taman,  Masjid, Jalur Telepon, Track Lari,  CCTV, Ac, Kolam Renang, AC,  Keamanan, CCTV,  Jogging Track",3,3,279 m²,210 m²,2,rumah,shm - sertifikat hak milik,4400 mah,2,2020,bagus sekali,hos9366029,1,1,1,semi furnished,timur,,,,,,,,,,,,,,,
https://www.rumah123.com/properti/jakarta-selatan/hos8969661/#qid~db2fa181-5285-44dd-8818-8e5cff587799,Rp,"2,4",Miliar,RUMAH 3 LANTAI DALAM CLUSTER DENGAN TANAH LUAS FULL FURNISHED,"Jagakarsa, Jakarta Selatan","Taman, Keamanan 24 jam,  Taman,  Masjid, Jalur Telepon, Track Lari, Masjid,  Jalur Telepon, Ac, AC,  Keamanan, CCTV,  Jogging Track",4,4,150 m²,250 m²,2,rumah,shm - sertifikat hak milik,4400 mah,3,2018,bagus sekali,hos8969661,1,1,2,furnished,timur,,,,,,,,,,,,,,,
https://www.rumah123.com/properti/jakarta-selatan/hos10946956/#qid~db2fa181-5285-44dd-8818-8e5cff587799,Rp,"4,5",Miliar,Rumah Modern Minimalis Di Cluster Besar Jagakarsa Row Jalan 11m²,"Jagakarsa, Jakarta Selatan"," Kolam Renang, Keamanan 24 jam,  Taman, Jalur Telepon, Track Lari,  CCTV, Masjid,  Jalur Telepon, Jogging Track, Kolam Renang,  Keamanan, CCTV",3,4,277 m²,310 m²,2,rumah,shm - sertifikat hak milik,5500 mah,2,2017,bagus sekali,hos10946956,1,1,2,semi furnished,timur,,,,,,,,,,,,,,,
https://www.rumah123.com/properti/jakarta-timur/hos11167907/#qid~db2fa181-5285-44dd-8818-8e5cff587799,Rp,"1,05",Miliar,Rumah Mewah Di Dekat Monumen Pancasila Jakarta Timur,"Lubang Buaya, Jakarta Timur","Taman, Keamanan 24 jam,  One Gate System, CCTV, Tempat Jemuran, Keamanan",,,,,,rumah,,,,,,hos11167907,,,,,,3,2,56 m²,70 m²,shm - sertifikat hak milik,,,1,2022,baru,unfurnished,1,2200 mah,,selatan
https://www.rumah123.com/properti/jakarta-timur/hos11167799/#qid~db2fa181-5285-44dd-8818-8e5cff587799,Rp,919,Juta,RUMAH STRATEGIS DI CIRACAS JAKARTA TIMUR,"Ciracas, Jakarta Timur"," Taman, Masjid, Jalur Telepon,  Keamanan",3,2,69 m²,60 m²,1,rumah,shm - sertifikat hak milik,2200 mah,1,2022,baru,hos11167799,,,,unfurnished,selatan,,,,,,,,,,,,,,,
https://www.rumah123.com/properti/jakarta-utara/hos10890932/#qid~086514d5-e689-450e-8758-145bd17c509f,Rp,"5,99",Miliar,Dijual Rumah Pantai Indah Kapuk Kuda Laut Termurah!!!!,"Pantai Indah Kapuk, Jakarta Utara"," Taman,  CCTV,  Jalur Telepon, Keamanan, Kolam Renang,  Ac,  Jogging Track",4,4,160 m²,200 m²,1,rumah,shm - sertifikat hak milik,4400 mah,3,,bagus sekali,hos10890932,1,1,2,semi furnished,tenggara,,,,,,,,,,,,,,,
https://www.rumah123.com/properti/jakarta-utara/hos10899606/#qid~086514d5-e689-450e-8758-145bd17c509f,Rp,"10,8",Miliar,Dijual Rumah Hoek Pik Florence Termurah!!!!!!!,"Pantai Indah Kapuk, Jakarta Utara"," Kolam Renang, Taman, Jalur Telepon,  CCTV,  Keamanan,  Ac,  Jogging Track",4,3,290 m²,400 m²,1,rumah,shm - sertifikat hak milik,4400 mah,3,,bagus sekali,hos10899606,1,1,2,semi furnished,timur laut,,,,,,,,,,,,,,,
https://www.rumah123.com/properti/jakarta-barat/hos10312361/#qid~086514d5-e689-450e-8758-145bd17c509f,Rp,6,Miliar,Dijual Rumah Siap Huni Puri Indah - Luas 200m2,"Puri Indah, Jakarta Barat"," Taman, Jalur Telepon,  AC,  Keamanan, CCTV",3,3,200 m²,325 m²,1,rumah,shm - sertifikat hak milik,3500 mah,2,,bagus,hos10312361,1,1,1,semi furnished,barat daya,,,,,,,,,,,,,,,
https://www.rumah123.com/properti/jakarta-barat/hos10729843/#qid~086514d5-e689-450e-8758-145bd17c509f,Rp,"4,5",Miliar,Rumah 2 Lantai Semi Furnished Puri Indah,"Puri Indah, Jakarta Barat"," Kolam Renang,  Taman,  Masjid, Jalur Telepon,  CCTV, AC,  Keamanan,  Jogging Track",4,3,140 m²,250 m²,1,rumah,shm - sertifikat hak milik,4400 mah,2,,bagus,hos10729843,1,1,,semi furnished,selatan,,,,,,,,,,,,,,,
https://www.rumah123.com/properti/jakarta-utara/hos10800073/#qid~086514d5-e689-450e-8758-145bd17c509f,Rp,26,Miliar,Rumah Bagus Katamaran Permai Luas 785m2 Posisi Hoek,"Pantai Indah Kapuk, Jakarta Utara","Kolam Renang, Ac,  Keamanan",6,5,785 m²,839 m²,,rumah,shm - sertifikat hak milik,,3,,bagus,hos10800073,2,1,,semi furnished,,,,,,,,,,,,,,,,
https://www.rumah123.com/properti/jakarta-utara/hos10728934/#qid~086514d5-e689-450e-8758-145bd17c509f,Rp,"13,7",Miliar,Rumah Pantai Indah Kapuk 3.5 Lantai Harga Nego,"Pantai Indah Kapuk, Jakarta Utara","Taman, Keamanan",3,3,270 m²,600 m²,,rumah,shm - sertifikat hak milik,,3,,baru,hos10728934,,1,,unfurnished,,,,,,,,,,,,,,,,
https://www.rumah123.com/properti/jakarta-utara/hos11157594/#qid~086514d5-e689-450e-8758-145bd17c509f,Rp,13,Miliar,Rumah Golf Island PIK View Danau + Laut (10x25m),"Pantai Indah Kapuk, Jakarta Utara","Kolam Ikan, Tempat Jemuran, Wastafel, Keamanan",3,3,250 m²,300 m²,1,rumah,"lainnya (ppjb,girik,adat,dll)",4400 mah,3,,baru,hos11157594,1,,1,unfurnished,,,,,,,,,,,,,,,,
https://www.rumah123.com/properti/jakarta-barat/hos11163746/#qid~086514d5-e689-450e-8758-145bd17c509f,Rp,"2,3",Miliar,Andre Tjhia Rumah Baru di Meruya Lebar Jln 4 Mobil Lega Lokasi Premium,"Meruya, Jakarta Barat","Taman, One Gate System, Tempat Jemuran, Keamanan 24 jam",3,3,125 m²,150 m²,,rumah,shm - sertifikat hak milik,2200 mah,2,2022,baru,hos11163746,,,,,,,,,,,,,,,,,,,,
https://www.rumah123.com/properti/jakarta-barat/hos11163701/#qid~086514d5-e689-450e-8758-145bd17c509f,Rp,"2,3",Miliar,Andre Tjhia Rumah Baru di Meruya Lebar Jln 3 Mobil Lega Dkt Jalan Raya,"Meruya, Jakarta Barat","Taman, Tempat Jemuran, Wastafel",3,3,125 m²,150 m²,2,rumah,shm - sertifikat hak milik,2200 mah,2,2022,baru,hos11163701,,,,,,,,,,,,,,,,,,,,
https://www.rumah123.com/properti/jakarta-barat/hos11163653/#qid~086514d5-e689-450e-8758-145bd17c509f,Rp,"1,3",Miliar,Andre Tjhia Rumah 4x14 Bangunan 3 Lantai Dekat Mal Puri Samping Meruya,"Puri Indah, Jakarta Barat"," AC, Tempat Jemuran, Wastafel, Kitchen Set",3,3,56 m²,150 m²,,rumah,shm - sertifikat hak milik,2200 mah,3,2022,baru,hos11163653,,,,semi furnished,utara,,,,,,,,,,,,,,,
https://www.rumah123.com/properti/jakarta-barat/hos10767273/#qid~086514d5-e689-450e-8758-145bd17c509f,Rp,"15,9",Miliar,Rumah Mewah 7br Swimming Pool Intercon Taman Kebon Jeruk,"Intercon, Jakarta Barat"," Kolam Renang, Taman,  Masjid,  CCTV,  Jalur Telepon, AC,  Keamanan,  Jogging Track",7,4,652 m²,526 m²,6,rumah,shm - sertifikat hak milik,7700 mah,2,,bagus sekali,hos10767273,3,1,1,semi furnished,timur,,,,,,,,,,,,,,,
https://www.rumah123.com/properti/jakarta-utara/hos11154124/#qid~086514d5-e689-450e-8758-145bd17c509f,Rp,29,Miliar,Rumah Mewah Gold Coast Pantai Indah Kapuk,"Pantai Indah Kapuk, Jakarta Utara",Kolam Renang,4,7,520 m²,1000 m²,,rumah,shm - sertifikat hak milik,16500 mah,3,,bagus,hos11154124,2,1,,semi furnished,,,,,,,,,,,,,,,,
https://www.rumah123.com/properti/jakarta-utara/hos11158467/#qid~edb6f11f-458c-42fb-99e8-d33808edc921,Rp,13,Miliar,Rumah Mewah mozart View laut n Danau 250m,"Pantai Indah Kapuk, Jakarta Utara","Taman, Keamanan, Keamanan 24 jam",,,,,,rumah,,,,,,hos11158467,,,,,,3,3,250 m²,400 m²,"lainnya (ppjb,girik,adat,dll)",,1,3,2021,baru,unfurnished,2,4400 mah,,
https://www.rumah123.com/properti/jakarta-timur/hos10606413/#qid~edb6f11f-458c-42fb-99e8-d33808edc921,Rp,"2,52",Miliar,Rumah Bebas Banjir Di Jatinegara Indah Cakung Harga All In Nego Siap Kpr,"Cakung, Jakarta Timur","Taman, Keamanan",3,3,180 m²,115 m²,2,rumah,shm - sertifikat hak milik,5500 mah,1,,bagus,hos10606413,,,2,unfurnished,,,,,,,,,,,,,,,,
https://www.rumah123.com/properti/jakarta-utara/hos11156785/#qid~edb6f11f-458c-42fb-99e8-d33808edc921,Rp,"5,7",Miliar,Dijual Rumah Golf Island 8x20 TERMURAH!!!,"Pantai Indah Kapuk, Jakarta Utara","Taman,  Kolam Renang,  Taman, Jalur Telepon, Wastafel,  Keamanan, Track Lari, Tempat Jemuran,  Jogging Track",3,3,160 m²,200 m²,1,rumah,"lainnya (ppjb,girik,adat,dll)",4400 mah,2,,bagus,hos11156785,1,1,2,unfurnished,,,,,,,,,,,,,,,,
https://www.rumah123.com/properti/jakarta-barat/hos11100980/#qid~edb6f11f-458c-42fb-99e8-d33808edc921,Rp,"2,7",Miliar,Ip2515 Rumah Furnished 4x20 Kavling Polri Jelambar,"Jelambar, Jakarta Barat","Keamanan 24 jam, Taman, Kitchen Set,  AC, Wastafel, Tempat Jemuran",3,3,80 m²,170 m²,1,rumah,shm - sertifikat hak milik,2200 mah,3,2005,bagus,hos11100980,,,,furnished,,,,,,,,,,,,,,,,
https://www.rumah123.com/properti/jakarta-barat/hos11099987/#qid~edb6f11f-458c-42fb-99e8-d33808edc921,Rp,"2,6",Miliar,Ip2514 Rumah Furnished 5x15 Kavling Polri Jelambar,"Jelambar, Jakarta Barat","Keamanan 24 jam, Taman, Lapangan Voli, Kitchen Set,  AC, Wastafel, Track Lari, Tempat Jemuran",3,3,75 m²,150 m²,1,rumah,shm - sertifikat hak milik,5500 mah,3,2014,bagus,hos11099987,1,,,furnished,utara,,,,,,,,,,,,,,,
https://www.rumah123.com/properti/jakarta-barat/hos10817430/#qid~edb6f11f-458c-42fb-99e8-d33808edc921,Rp,"2,5",Miliar,Ip2495 Rumah Furnished Lokasi Bagus Kavling Polri Jelambar,"Jelambar, Jakarta Barat","Kitchen Set,  AC, AC, Wastafel, Tempat Jemuran, Keamanan",3,3,84 m²,180 m²,1,rumah,shm - sertifikat hak milik,2200 mah,3,2011,bagus,hos10817430,1,,,furnished,timur,,,,,,,,,,,,,,,
https://www.rumah123.com/properti/jakarta-barat/hos11097111/#qid~edb6f11f-458c-42fb-99e8-d33808edc921,Rp,"5,5",Miliar,Dhyana Rumah Kos Baru Uk 8x17m Lokasi Bagus di Jelambar,"Jelambar, Jakarta Barat",Jalur Telepon,10,11,136 m²,336 m²,,rumah,shm - sertifikat hak milik,,4,,bagus,hos11097111,2,,,,,,,,,,,,,,,,,,,
https://www.rumah123.com/properti/jakarta-selatan/hos9682111/#qid~edb6f11f-458c-42fb-99e8-d33808edc921,Rp,"14,3",Miliar,Rumah Klasik Modern Tropis Dalam Townhouse Kemang Pejaten Barat,"Kemang, Jakarta Selatan"," Taman, Jalur Telepon,  CCTV, Kolam Renang,  Keamanan,  Ac",3,3,404 m²,350 m²,2,rumah,shm - sertifikat hak milik,13200 mah,2,2002,bagus,hos9682111,1,1,2,semi furnished,selatan,,,,,,,,,,,,,,,
https://www.rumah123.com/properti/jakarta-barat/hos7316937/#qid~edb6f11f-458c-42fb-99e8-d33808edc921,Rp,"4,85",Miliar,Rumah Di Permata Buana - Furnished- 3 Lantai Full Bangunan Nego !,"Permata Buana, Jakarta Barat","Jalur Telepon, Ac,  Keamanan",5,4,144 m²,300 m²,,rumah,shm - sertifikat hak milik,5500 mah,3,2012,bagus sekali,hos7316937,2,1,,semi furnished,utara,,,,,,,,,,,,,,,
https://www.rumah123.com/properti/jakarta-utara/hos11104779/#qid~edb6f11f-458c-42fb-99e8-d33808edc921,Rp,9,Miliar,Rumah Termurah Minimalis Pluit Murni Raya 13x25,"Pluit, Jakarta Utara"," Taman,  CCTV,  Jalur Telepon, Jogging Track, Kolam Renang,  Ac,  Keamanan",5,5,325 m²,750 m²,2,rumah,shm - sertifikat hak milik,7700 mah,3,,bagus sekali,hos11104779,2,1,1,semi furnished,barat,,,,,,,,,,,,,,,
https://www.rumah123.com/properti/jakarta-utara/hos10847721/#qid~edb6f11f-458c-42fb-99e8-d33808edc921,Rp,"12,5",Miliar,Rumah Pik2 Danau Cluster Miami Boulevard Minimalis,"Pantai Indah Kapuk, Jakarta Utara","Taman, Jogging Track",4,3,300 m²,300 m²,1,rumah,"lainnya (ppjb,girik,adat,dll)",4400 mah,2,2018,baru,hos10847721,1,1,1,unfurnished,,,,,,,,,,,,,,,,
https://www.rumah123.com/properti/jakarta-utara/hos11100907/#qid~edb6f11f-458c-42fb-99e8-d33808edc921,Rp,23,Miliar,Rumah Mewah PIK Pantai Indah Kapuk Marmer Furnish,"Pantai Indah Kapuk, Jakarta Utara","Taman, Keamanan,  Ac",7,7,377 m²,1100 m²,2,rumah,shm - sertifikat hak milik,5500 mah,3,,bagus sekali,hos11100907,1,1,2,furnished,utara,,,,,,,,,,,,,,,
https://www.rumah123.com/properti/jakarta-utara/hos11102959/#qid~edb6f11f-458c-42fb-99e8-d33808edc921,Rp,"4,3",Miliar,PIK2 8x15m Siap Huni Depan Taman,"Pantai Indah Kapuk, Jakarta Utara"," Taman,  Masjid, Keamanan, Kolam Renang,  Jogging Track",3,2,120 m²,150 m²,2,rumah,,4400 mah,2,2022,baru,hos11102959,,1,,unfurnished,selatan,,,,,,,,,,,,,,,
https://www.rumah123.com/properti/jakarta-barat/hos11096190/#qid~edb6f11f-458c-42fb-99e8-d33808edc921,Rp,"2,7",Miliar,Rumah Green Lake City West Europe 6x15 - Full Renov,"Green Lake City, Jakarta Barat"," Kolam Renang, Taman,  Jalur Telepon,  Keamanan,  Ac, CCTV,  Jogging Track",2,3,90 m²,120 m²,2,rumah,shm - sertifikat hak milik,4400 mah,2,,bagus sekali,hos11096190,1,1,,semi furnished,timur laut,,,,,,,,,,,,,,,
https://www.rumah123.com/properti/jakarta-timur/hos10070724/#qid~edb6f11f-458c-42fb-99e8-d33808edc921,Rp,"2,4",Miliar,Rumah Dalam Komplek Lokasi Strategis Di Duren Sawit,"Duren Sawit, Jakarta Timur","Taman,  Masjid, Keamanan",3,3,106 m²,150 m²,2,rumah,shm - sertifikat hak milik,2200 mah,2,2020,bagus sekali,hos10070724,1,1,,unfurnished,utara,,,,,,,,,,,,,,,
https://www.rumah123.com/properti/jakarta-selatan/hos9846063/#qid~edb6f11f-458c-42fb-99e8-d33808edc921,Rp,"4,5",Miliar,Rumah murah di komplek cilandak area dekat ke toll andara,"Cilandak, Jakarta Selatan","Taman,  Jalur Telepon, Jogging Track,  Keamanan,  Ac",4,3,348 m²,260 m²,1,rumah,shm - sertifikat hak milik,3500 mah,2,1994,butuh renovasi,hos9846063,1,1,1,unfurnished,,,,,,,,,,,,,,,,
https://www.rumah123.com/properti/jakarta-selatan/hos11095686/#qid~6371fe72-0c80-48c5-9e03-8a963c768f27,Rp,5,Miliar,Rumah Milenial di Gandaria Jakarta Selatan Selangkah Ke Mall,"Gandaria, Jakarta Selatan","Keamanan 24 jam, Akses Parkir,  CCTV, AC,  One Gate System, CCTV",4,3,171 m²,337 m²,,rumah,shm - sertifikat hak milik,3500 mah,3,2021,baru,hos11095686,1,1,2,unfurnished,,,,,,,,,,,,,,,,
https://www.rumah123.com/properti/jakarta-timur/hos11084553/#qid~6371fe72-0c80-48c5-9e03-8a963c768f27,Rp,443,Juta,Rumah Murah Cantik Lio Cipinang Pulo Gadung Cakung Rawamangun,"Pulo Gadung, Jakarta Timur",CCTV,2,2,19 m²,37 m²,,rumah,shm - sertifikat hak milik,2200 mah,2,2022,baru,hos11084553,,,,unfurnished,,,,,,,,,,,,,,,,
https://www.rumah123.com/properti/jakarta-utara/hos11098994/#qid~6371fe72-0c80-48c5-9e03-8a963c768f27,Rp,13,Miliar,"Dijual Rumah 10x25 THE MOZZARD, TERMURAH!","Pantai Indah Kapuk, Jakarta Utara"," Taman,  CCTV,  Jalur Telepon, Kolam Renang, Jogging Track,  Keamanan",3,3,250 m²,600 m²,2,rumah,"lainnya (ppjb,girik,adat,dll)",,,,,,,,,,,,,,,,,,,,,,,,,
https://www.rumah123.com/properti/jakarta-barat/hos11085459/#qid~6371fe72-0c80-48c5-9e03-8a963c768f27,Rp,895,Juta,Rumah Murah Mewah di kebun Jeruk Pos Pengumben  Tangerang,"Kebon Jeruk, Jakarta Barat","AC,  Taman, Ac, Keamanan",2,2,34 m²,66 m²,1,rumah,shm - sertifikat hak milik,2200 mah,2,2022,baru,hos11085459,,,1,unfurnished,,,,,,,,,,,,,,,,
https://www.rumah123.com/properti/jakarta-selatan/hos11098502/#qid~6371fe72-0c80-48c5-9e03-8a963c768f27,Rp,"18,5",Miliar,Rumah Mewah Gaya Tropical Bali Dengan Halaman Dan Pool Yang Indah,"Cilandak, Jakarta Selatan"," Kolam Renang, Taman, Ac",5,5,375 m²,500 m²,2,rumah,shm - sertifikat hak milik,16500 mah,2,2015,bagus sekali,hos11098502,2,1,2,semi furnished,utara,,,,,,,,,,,,,,,
https://www.rumah123.com/properti/jakarta-selatan/hos11095801/#qid~6371fe72-0c80-48c5-9e03-8a963c768f27,Rp,25,Miliar,"Lelang Rumah Mewah 2 Lt, Kebayoran Baru Jakarta Selatan","Kebayoran Baru, Jakarta Selatan","Keamanan 24 jam,  Kolam Renang,  Taman,  Track Lari,  CCTV, Masjid, Kitchen Set, Kolam Renang,  Akses Parkir,  Playground, Wastafel,  One Gate System, Lapangan Bola, Tempat Jemuran, Lapangan Basket,  Tempat Laundry",4,3,532 m²,408 m²,1,rumah,shm - sertifikat hak milik,4400 mah,2,2019,bagus,hos11095801,1,1,2,unfurnished,selatan,,,,,,,,,,,,,,,
https://www.rumah123.com/properti/jakarta-selatan/hos10064864/#qid~6371fe72-0c80-48c5-9e03-8a963c768f27,Rp,"2,6",Miliar,Rumah  Super Asri Dekat MRT H.Nawi  Dibawah Harga Pasar,"Cipete, Jakarta Selatan","Taman,  Taman, Jalur Telepon, Ac, AC",4,2,150 m²,200 m²,3,rumah,shm - sertifikat hak milik,4400 mah,2,2017,sudah renovasi,hos10064864,1,1,,semi furnished,selatan,,,,,,,,,,,,,,,
https://www.rumah123.com/properti/jakarta-selatan/hos11278286/#qid~6371fe72-0c80-48c5-9e03-8a963c768f27,Rp,175,Miliar,Rumah Mewah Jalan Sriwijaya Senopati Kebayoran Baru  Dekat Scbd Sudirman,"Senopati, Jakarta Selatan"," Kolam Renang, Keamanan 24 jam,  Taman, Akses Parkir,  Pemanas Air, Jalur Telepon,  Mesin Cuci,  CCTV, Kulkas,  AC,  Playground, Wastafel, Track Lari, Tempat Jemuran,  Kitchen Set",5,5,1305 m²,1500 m²,4,rumah,shm - sertifikat hak milik,33000 mah,2,2012,bagus,hos11278286,3,2,4,semi furnished,,,,,,,,,,,,,,,,
https://www.rumah123.com/properti/jakarta-barat/hos9898779/#qid~6371fe72-0c80-48c5-9e03-8a963c768f27,Rp,"1,59",Miliar,Rumah Strategis Kavling Polri Jelambar,"Jelambar, Jakarta Barat","Tempat Jemuran, Wastafel",3,3,39 m²,110 m²,1,rumah,shm - sertifikat hak milik,2200 mah,3,2022,baru,hos9898779,,,,unfurnished,utara,,,,,,,,,,,,,,,
https://www.rumah123.com/properti/jakarta-selatan/hos9889532/#qid~6371fe72-0c80-48c5-9e03-8a963c768f27,Rp,"13,5",Miliar,"Termurah Rumah Lokasi Bagus Siapa Cepat Dapat di Pejaten Barat , Kemang","Kemang, Jakarta Selatan",Kolam Renang,4,3,1080 m²,400 m²,8,rumah,shm - sertifikat hak milik,12700 mah,1,1988,butuh renovasi,hos9889532,1,1,,unfurnished,timur,,,,,,,,,,,,,,,
https://www.rumah123.com/properti/jakarta-pusat/hos10688529/#qid~6371fe72-0c80-48c5-9e03-8a963c768f27,Rp,100,Miliar,"Rumah Design Etnik di Menteng, Jakarta Pusat Lokasi Strategis Swimming Pool","Menteng, Jakarta Pusat","Taman,  Taman, Jalur Telepon, Kitchen Set,  AC, Kolam Renang, Wastafel",6,6,1225 m²,800 m²,4,rumah,shm - sertifikat hak milik,,2,,bagus,hos10688529,4,1,2,unfurnished,,,,,,,,,,,,,,,,
https://www.rumah123.com/properti/jakarta-selatan/hos11280818/#qid~6371fe72-0c80-48c5-9e03-8a963c768f27,Rp,175,Miliar,Rumah mewah di prime area tempat para miliarder segera di survey karena property di area ini jarang yang di ..harga masih bisa nego keras,"Kebayoran Baru, Jakarta Selatan"," Kolam Renang,  Taman, Jalur Telepon,  Track Lari,  CCTV, Kitchen Set, Kolam Renang, AC, Lapangan Tenis,  Keamanan,  Ac, Tempat Jemuran,  Jogging Track, Lapangan Basket",6,7,1305 m²,1200 m²,6,rumah,shm - sertifikat hak milik,23000 mah,2,2012,bagus,hos11280818,3,2,4,semi furnished,selatan,,,,,,,,,,,,,,,
https://www.rumah123.com/properti/jakarta-barat/hos10973368/#qid~e32c9ddd-06d7-4b93-8767-2f23284b5d4b,Rp,"5,2",Miliar,Rumah  Permata Buana Suasana Asri Luas Tanah 200m2,"Permata Buana, Jakarta Barat",Taman,4,4,200 m²,300 m²,1,rumah,shm - sertifikat hak milik,4400 mah,2,,bagus,hos10973368,1,1,1,,barat,,,,,,,,,,,,,,,
https://www.rumah123.com/properti/jakarta-barat/hos11255770/#qid~e32c9ddd-06d7-4b93-8767-2f23284b5d4b,Rp,"3,99",Miliar,Dijual Rumah Permata Buana Lt.136m2 Hadap Utara Asri Jalan Lebar,"Permata Buana, Jakarta Barat","Keamanan 24 jam,  Taman, Jalur Telepon, Tempat Jemuran",3,3,136 m²,200 m²,1,rumah,shm - sertifikat hak milik,3500 mah,1,,bagus,hos11255770,,,1,unfurnished,utara,,,,,,,,,,,,,,,
https://www.rumah123.com/properti/jakarta-timur/hos11290382/#qid~e32c9ddd-06d7-4b93-8767-2f23284b5d4b,Rp,2,Miliar,Rumah Siap Huni di JGC Cluster Yarra 7x15 Cakung Jakarta Timur,"Cakung, Jakarta Timur"," Kolam Renang, Taman,  Taman, Kitchen Set,  AC, Kolam Renang, Wastafel, Tempat Gym,  Ac, Tempat Jemuran, Keamanan",3,2,105 m²,85 m²,2,rumah,hgb - hak guna bangunan,4400 mah,2,2019,bagus,hos11290382,1,1,,semi furnished,timur,,,,,,,,,,,,,,,
https://www.rumah123.com/properti/jakarta-barat/hos11296981/#qid~e32c9ddd-06d7-4b93-8767-2f23284b5d4b,Rp,"2,4",Miliar,Chandra Rumah Bagus Uk 6x14m di Komplek Dutamas,"Jelambar, Jakarta Barat",Jalur Telepon,3,2,84 m²,185 m²,,rumah,shm - sertifikat hak milik,2200 mah,3,,bagus,hos11296981,1,1,,,,,,,,,,,,,,,,,,
https://www.rumah123.com/properti/jakarta-barat/hos11249084/#qid~e32c9ddd-06d7-4b93-8767-2f23284b5d4b,Rp,"2,4",Miliar,"Rumah Green Lake City, Cluster West Europe Uk 6x15, Shm,","Green Lake City, Jakarta Barat","Keamanan 24 jam,  Kolam Renang, Akses Parkir,  Taman, Kitchen Set,  AC,  Playground, Tempat Gym,  One Gate System, Wastafel",3,3,90 m²,110 m²,1,rumah,shm - sertifikat hak milik,4400 mah,2,2017,bagus,hos11249084,1,1,,semi furnished,utara,,,,,,,,,,,,,,,
https://www.rumah123.com/properti/jakarta-utara/hos11296555/#qid~e32c9ddd-06d7-4b93-8767-2f23284b5d4b,Rp,"10,5",Miliar,Rumah Pik Walet Hoek,"Pantai Indah Kapuk, Jakarta Utara",Keamanan 24 jam,4,4,357 m²,500 m²,,rumah,shm - sertifikat hak milik,,1,,bagus,hos11296555,,,,,,,,,,,,,,,,,,,,
https://www.rumah123.com/properti/jakarta-utara/hos11296482/#qid~e32c9ddd-06d7-4b93-8767-2f23284b5d4b,Rp,18,Miliar,Rumah Pluit Hoek,"Pluit, Jakarta Utara","Keamanan 24 jam, Taman,  One Gate System",4,4,530 m²,700 m²,,rumah,shm - sertifikat hak milik,,2,,bagus,hos11296482,,,,unfurnished,,,,,,,,,,,,,,,,
https://www.rumah123.com/properti/jakarta-selatan/hos11293804/#qid~e32c9ddd-06d7-4b93-8767-2f23284b5d4b,Rp,"3,65",Miliar,RUMAH MEWAH MURAH STRATEGIS DI CILANDAK KKO RAYA,"Cilandak, Jakarta Selatan","Taman, Tempat Jemuran, Keamanan, Kitchen Set",4,3,109 m²,200 m²,2,rumah,shm - sertifikat hak milik,2200 mah,3,2022,baru,hos11293804,1,1,,unfurnished,utara,,,,,,,,,,,,,,,
https://www.rumah123.com/properti/jakarta-selatan/hos11296286/#qid~e32c9ddd-06d7-4b93-8767-2f23284b5d4b,Rp,13,Miliar,RUMAH BAGUS MEWAH MURAH SIAP HUNI DI KEMANG,"Kemang, Jakarta Selatan","Taman,  Taman, Kitchen Set, Kolam Renang, Tempat Jemuran",4,3,460 m²,550 m²,2,rumah,shm - sertifikat hak milik,7700 mah,2,,bagus,hos11296286,2,1,2,,selatan,,,,,,,,,,,,,,,
https://www.rumah123.com/properti/jakarta-selatan/hos10946956/#qid~e32c9ddd-06d7-4b93-8767-2f23284b5d4b,Rp,"4,5",Miliar,Rumah Modern Minimalis Di Cluster Besar Jagakarsa Row Jalan 11m²,"Jagakarsa, Jakarta Selatan"," Kolam Renang, Keamanan 24 jam,  Taman, Jalur Telepon, Track Lari,  CCTV, Masjid,  Jalur Telepon, Jogging Track, Kolam Renang,  Keamanan, CCTV",3,4,277 m²,310 m²,2,rumah,shm - sertifikat hak milik,5500 mah,2,2017,bagus sekali,hos10946956,1,1,2,semi furnished,timur,,,,,,,,,,,,,,,
https://www.rumah123.com/properti/jakarta-utara/hos11159362/#qid~e32c9ddd-06d7-4b93-8767-2f23284b5d4b,Rp,7,Miliar,"Rumah Baru Dan Mewah 2 Lantai Sedayu City, Kelapa Gading, Jakarta Utara","Kelapa Gading, Jakarta Utara",Keamanan,3,3,120 m²,168 m²,,rumah,,2200 mah,2,,bagus,hos11159362,1,1,,unfurnished,,,,,,,,,,,,,,,,
https://www.rumah123.com/properti/jakarta-timur/hos11218174/#qid~e32c9ddd-06d7-4b93-8767-2f23284b5d4b,Rp,"1,55",Miliar,Rumah 2lt Type 3kt Cluster Yarra Seine Essence Jgc Jakarta Garden City,"Cakung, Jakarta Timur","Taman,  Kolam Renang, Keamanan 24 jam, Jalur Telepon,  Playground,  One Gate System, Track Lari",3,3,69 m²,74 m²,1,rumah,,2200 mah,2,2022,baru,hos11218174,,,,,timur,,,,,,,,,,,,,,,
https://www.rumah123.com/properti/jakarta-selatan/hos11197085/#qid~e32c9ddd-06d7-4b93-8767-2f23284b5d4b,Rp,"3,65",Miliar,Rumah Murah Mewah Lokasi Di Pinggir Jalan Daerah Jakarta Selatan,"Cilandak, Jakarta Selatan","Keamanan 24 jam, Taman,  Taman, Jalur Telepon,  CCTV, Kolam Renang, AC,  One Gate System, Wastafel",3,3,127 m²,142 m²,2,rumah,shm - sertifikat hak milik,2200 mah,2,2022,baru,hos11197085,1,1,,unfurnished,selatan,,,,,,,,,,,,,,,
https://www.rumah123.com/properti/jakarta-selatan/hos10421412/#qid~e32c9ddd-06d7-4b93-8767-2f23284b5d4b,Rp,15,Miliar,Kompleks Bukit Indah Jalan Margasatwa Cilandak Jakarta Selatan,"Cilandak, Jakarta Selatan","Kolam Renang, Ac",5,6,500 m²,550 m²,4,rumah,,24000 mah,2,,,hos10421412,2,,4,,,,,,,,,,,,,,,,,
https://www.rumah123.com/properti/jakarta-selatan/hos9352454/#qid~e32c9ddd-06d7-4b93-8767-2f23284b5d4b,Rp,150,Miliar,Rumah di Pondok Indah Golf Jakarta  ~ Semi furnished ~ Swimming Pool,"Pondok Indah, Jakarta Selatan","Kolam Renang,  Taman, Ac,  Keamanan",5,6,1900 m²,850 m²,2,rumah,shm - sertifikat hak milik,,1,,butuh renovasi,hos9352454,3,2,4,semi furnished,,,,,,,,,,,,,,,,
https://www.rumah123.com/properti/jakarta-selatan/hos8332853/#qid~e32c9ddd-06d7-4b93-8767-2f23284b5d4b,Rp,"8,3",Miliar,"Rumah di Kemang, Ampera, Jakarta Selatan ~ Dalam Townhouse ~ Swimming Pool","Kemang, Jakarta Selatan","Kolam Renang, Ac",4,4,320 m²,250 m²,,rumah,shm - sertifikat hak milik,7700 mah,,2014,bagus,hos8332853,2,1,2,semi furnished,,,,,,,,,,,,,,,,
https://www.rumah123.com/properti/jakarta-selatan/hos9712040/#qid~e32c9ddd-06d7-4b93-8767-2f23284b5d4b,Rp,"6,8",Miliar,"Rumah Townhouse di Kemang, Jakarta Selatan ~ Swimming Pool ~ Security 24 jam","Kemang, Jakarta Selatan","Kolam Renang, Keamanan",4,3,200 m²,250 m²,2,rumah,shm - sertifikat hak milik,4400 mah,2,,bagus,hos9712040,,,,furnished,,,,,,,,,,,,,,,,
https://www.rumah123.com/properti/jakarta-selatan/hos9964103/#qid~d0c616b8-a598-4ace-8770-8fa80ad65d81,Rp,"9,5",Miliar,"Rumah di Kemang, Jakarta Selatan ~ Swimming Pool ~ Bangunan 1 lantai","Kemang, Jakarta Selatan",Kolam Renang,4,3,552 m²,200 m²,2,rumah,shm - sertifikat hak milik,,1,,bagus,hos9964103,2,1,2,unfurnished,timur,,,,,,,,,,,,,,,
https://www.rumah123.com/properti/jakarta-selatan/hos10468414/#qid~d0c616b8-a598-4ace-8770-8fa80ad65d81,Rp,"8,7",Miliar,"Rumah di Kemang, Pejaten Barat ~ Townhouse ~ Swimming Pool","Kemang, Jakarta Selatan"," Kolam Renang, Ac, Keamanan",4,4,207 m²,360 m²,1,rumah,shm - sertifikat hak milik,,2,,bagus sekali,hos10468414,1,1,1,furnished,,,,,,,,,,,,,,,,
https://www.rumah123.com/properti/jakarta-selatan/hos7230703/#qid~d0c616b8-a598-4ace-8770-8fa80ad65d81,Rp,"9,9",Miliar,"Rumah Siap Huni di Kemang, Jakarta Selatan ~ Furnished ~ Swimming Pool","Kemang, Jakarta Selatan","Kolam Renang,  Taman, Ac",3,3,315 m²,600 m²,,rumah,shm - sertifikat hak milik,16500 mah,3,2017,bagus,hos7230703,2,1,4,semi furnished,,,,,,,,,,,,,,,,
https://www.rumah123.com/properti/jakarta-barat/hos8743009/#qid~d0c616b8-a598-4ace-8770-8fa80ad65d81,Rp,6,Miliar,Rumah Dijual Permata Buana Brand New - Minimalis Modern,"Permata Buana, Jakarta Barat","Taman, Keamanan 24 jam, Jalur Telepon,  Jalur Telepon, Keamanan",4,3,120 m²,350 m²,2,rumah,"lainnya (ppjb,girik,adat,dll)",3500 mah,4,2021,baru,hos8743009,1,1,2,unfurnished,utara,,,,,,,,,,,,,,,
https://www.rumah123.com/properti/jakarta-barat/hos8788517/#qid~d0c616b8-a598-4ace-8770-8fa80ad65d81,Rp,8,Miliar,"Rumah Dijual Permata Buana, Lokasi Sangat Nyaman Dan Asri !","Permata Buana, Jakarta Barat","Keamanan 24 jam, Jalur Telepon,  Jalur Telepon, Ac, Keamanan, AC, Track Lari,  Jogging Track",4,3,250 m²,370 m²,2,rumah,shm - sertifikat hak milik,4400 mah,3,2010,bagus sekali,hos8788517,1,1,2,semi furnished,selatan,,,,,,,,,,,,,,,
https://www.rumah123.com/properti/jakarta-selatan/hos10961096/#qid~d0c616b8-a598-4ace-8770-8fa80ad65d81,Rp,"2,9",Miliar,Hunian Mewah + Rooftop Dijagakarsa,"Jagakarsa, Jakarta Selatan","Taman, Keamanan, Keamanan 24 jam",4,4,92 m²,230 m²,2,rumah,shm - sertifikat hak milik,2200 mah,2,2022,baru,hos10961096,,,,unfurnished,,,,,,,,,,,,,,,,
https://www.rumah123.com/properti/jakarta-selatan/hos9470055/#qid~d0c616b8-a598-4ace-8770-8fa80ad65d81,Rp,"2,5",Miliar,RUMAH DI JAGAKARSA BONUS AC+KITCENT SET HARGA NEGO,"Jagakarsa, Jakarta Selatan","Ac, Keamanan",4,3,120 m²,220 m²,1,rumah,shm - sertifikat hak milik,2200 mah,2,2022,baru,hos9470055,,,2,,timur,,,,,,,,,,,,,,,
https://www.rumah123.com/properti/jakarta-selatan/hos9739934/#qid~d0c616b8-a598-4ace-8770-8fa80ad65d81,Rp,"1,52",Miliar,RUMAH FULL BATA MERAH DALAM CLUSTER,"Jagakarsa, Jakarta Selatan",Ac,4,4,77 m²,130 m²,1,rumah,shm - sertifikat hak milik,2200 mah,2,2022,baru,hos9739934,,,,,barat,,,,,,,,,,,,,,,
https://www.rumah123.com/properti/jakarta-utara/hos10391738/#qid~d0c616b8-a598-4ace-8770-8fa80ad65d81,Rp,4,Miliar,Dijual Rumah Pik 2 8x15 TERMURAH!!!,"Pantai Indah Kapuk, Jakarta Utara"," Kolam Renang,  Taman, Jalur Telepon,  CCTV, Ac,  Keamanan,  Jogging Track",,,,,,rumah,,,,,,hos10391738,,,,,,3,3,120 m²,130 m²,"lainnya (ppjb,girik,adat,dll)",1,1,2,,baru,unfurnished,1,4400 mah,2,
https://www.rumah123.com/properti/jakarta-utara/hos10357981/#qid~d0c616b8-a598-4ace-8770-8fa80ad65d81,Rp,"12,5",Miliar,Rumah View Danau Cluster Premium Pik2 13X25 Hoek,"Pantai Indah Kapuk, Jakarta Utara"," Kolam Renang, Taman, Jogging Track,  Keamanan, Track Lari",,,,,,rumah,,,,,,hos10357981,,,,,,4,5,250 m²,330 m²,"lainnya (ppjb,girik,adat,dll)",1,1,2,2021,baru,unfurnished,2,5500 mah,1,utara
https://www.rumah123.com/properti/jakarta-utara/hos11156785/#qid~1f6b1cb4-725f-4476-a79a-2aa6f3ddb5c3,Rp,"5,7",Miliar,Dijual Rumah Golf Island 8x20 TERMURAH!!!,"Pantai Indah Kapuk, Jakarta Utara","Taman,  Kolam Renang,  Taman, Jalur Telepon, Wastafel,  Keamanan, Track Lari, Tempat Jemuran,  Jogging Track",3,3,160 m²,200 m²,1,rumah,"lainnya (ppjb,girik,adat,dll)",4400 mah,2,,bagus,hos11156785,1,1,2,unfurnished,,,,,,,,,,,,,,,,
https://www.rumah123.com/properti/jakarta-barat/hos11155640/#qid~1f6b1cb4-725f-4476-a79a-2aa6f3ddb5c3,Rp,5,Miliar,"Rumah dijual Permata Buana luas 144 m2 2,5 Lantai Mulus !","Permata Buana, Jakarta Barat","Lapangan Tenis, Jalur Telepon, Keamanan",4,3,144 m²,250 m²,,rumah,shm - sertifikat hak milik,5500 mah,2,2013,sudah renovasi,hos11155640,1,1,2,unfurnished,utara,,,,,,,,,,,,,,,
https://www.rumah123.com/properti/jakarta-utara/hos10470728/#qid~1f6b1cb4-725f-4476-a79a-2aa6f3ddb5c3,Rp,55,Miliar,"Rumah Pantai Mutiara, Mewah, Kanal Dermaga Private, Berkualitas","Pantai Mutiara, Jakarta Utara"," Kolam Renang, Taman,  CCTV,  Jalur Telepon, Keamanan,  Ac,  Jogging Track",5,4,752 m²,3000 m²,4,rumah,shm - sertifikat hak milik,11000 mah,4,2016,bagus sekali,hos10470728,3,2,,furnished,,,,,,,,,,,,,,,,
https://www.rumah123.com/properti/jakarta-barat/hos7034923/#qid~1f6b1cb4-725f-4476-a79a-2aa6f3ddb5c3,Rp,"6,5",Miliar,Rumah Di Permata Buana - Full Renov -Minimalis - Siap Huni !,"Permata Buana, Jakarta Barat"," Taman, Kolam Renang,  Keamanan,  Ac, CCTV,  Jogging Track",4,4,144 m²,500 m²,,rumah,hgb - hak guna bangunan,5500 mah,4,2017,baru,hos7034923,2,1,,semi furnished,selatan,,,,,,,,,,,,,,,
https://www.rumah123.com/properti/jakarta-timur/hos11056276/#qid~1f6b1cb4-725f-4476-a79a-2aa6f3ddb5c3,Rp,"2,6",Miliar,Rumah Cantik Letak Strategis di Cluster North Missisippi Jgc,"Cakung, Jakarta Timur","Keamanan 24 jam, AC",3,3,112 m²,112 m²,2,rumah,,,1,,bagus,hos11056276,1,1,,unfurnished,,,,,,,,,,,,,,,,
https://www.rumah123.com/properti/jakarta-barat/hos11154153/#qid~1f6b1cb4-725f-4476-a79a-2aa6f3ddb5c3,Rp,"1,5",Miliar,Dijual Rumah Citra 2 ext bangunan pribadi,"Citra Garden, Jakarta Barat","AC, Ac, Keamanan",3,2,72 m²,100 m²,1,rumah,shm - sertifikat hak milik,2200 mah,2,2015,bagus,hos11154153,1,1,,semi furnished,barat laut,,,,,,,,,,,,,,,
https://www.rumah123.com/properti/jakarta-utara/hos10421820/#qid~1f6b1cb4-725f-4476-a79a-2aa6f3ddb5c3,Rp,7,Miliar,Rumah PIK Golf Island Furnish Renovasi Rapi (8x20m),"Pantai Indah Kapuk, Jakarta Utara","Taman, Keamanan 24 jam, Ac, AC,  Keamanan",3,3,160 m²,220 m²,1,rumah,,4400 mah,2,2018,sudah renovasi,hos10421820,1,1,1,semi furnished,selatan,,,,,,,,,,,,,,,
https://www.rumah123.com/properti/jakarta-selatan/hos11024230/#qid~1f6b1cb4-725f-4476-a79a-2aa6f3ddb5c3,Rp,"3,5",Miliar,RUMAH  BARU DI JAGAKARSA HARGA NEGO DALAM KOMPLEK  DEKET KE TOLL BRIGIF DAN STASIUN LENTENG AGUNG,"Jagakarsa, Jakarta Selatan","Taman, Keamanan 24 jam,  Taman, Ac, Kolam Renang, AC,  Keamanan",4,3,135 m²,200 m²,1,rumah,shm - sertifikat hak milik,3300 mah,2,2022,baru,hos11024230,1,,2,semi furnished,selatan,,,,,,,,,,,,,,,
https://www.rumah123.com/properti/jakarta-selatan/hos11144795/#qid~1f6b1cb4-725f-4476-a79a-2aa6f3ddb5c3,Rp,12,Miliar,"Lelang Rumah Mewah 2 Lt, di Jagakarsa, Jakarta Selatan","Jagakarsa, Jakarta Selatan","Taman, Keamanan 24 jam",4,3,1450 m²,910 m²,1,rumah,shm - sertifikat hak milik,,2,,bagus,hos11144795,1,1,1,,selatan,,,,,,,,,,,,,,,
https://www.rumah123.com/properti/jakarta-selatan/hos11144851/#qid~1f6b1cb4-725f-4476-a79a-2aa6f3ddb5c3,Rp,"2,8",Miliar,"Lelang Rumah 2 Lt di Kebayoran Baru, Jakarta Selatan","Kebayoran Baru, Jakarta Selatan","Taman, Keamanan 24 jam",4,3,270 m²,282 m²,1,rumah,shm - sertifikat hak milik,4400 mah,2,,bagus,hos11144851,,,,,selatan,,,,,,,,,,,,,,,
https://www.rumah123.com/properti/jakarta-selatan/hos11144875/#qid~1f6b1cb4-725f-4476-a79a-2aa6f3ddb5c3,Rp,10,Miliar,"Lelang Rumah Mewah di Kebayoran Baru, Jakarta Selatan","Kebayoran Baru, Jakarta Selatan","Taman, Keamanan 24 jam",4,3,277 m²,452 m²,1,rumah,shm - sertifikat hak milik,,2,,bagus,hos11144875,1,1,1,,selatan,,,,,,,,,,,,,,,
https://www.rumah123.com/properti/jakarta-barat/hos11151601/#qid~1f6b1cb4-725f-4476-a79a-2aa6f3ddb5c3,Rp,"1,5",Miliar,Andre Tjhia Rumah Baru Lebar Jalan 2 Mobil Lokasi Premium Masi Nego,"Taman Ratu, Jakarta Barat","Keamanan 24 jam, Tempat Jemuran, Akses Parkir, Keamanan",2,3,45 m²,90 m²,,rumah,shm - sertifikat hak milik,2200 mah,3,2022,baru,hos11151601,,,,,barat,,,,,,,,,,,,,,,
https://www.rumah123.com/properti/jakarta-barat/hos11151571/#qid~1f6b1cb4-725f-4476-a79a-2aa6f3ddb5c3,Rp,"2,3",Miliar,Andre Tjhia Rumah Bagus Lebar Jalan 3 Mobil Lokasi Bebas Banjir Nego,"Taman Ratu, Jakarta Barat",Keamanan 24 jam,2,3,110 m²,220 m²,3,rumah,shm - sertifikat hak milik,2200 mah,3,,bagus,hos11151571,1,1,,unfurnished,utara,,,,,,,,,,,,,,,
https://www.rumah123.com/properti/jakarta-barat/hos11151384/#qid~1f6b1cb4-725f-4476-a79a-2aa6f3ddb5c3,Rp,"3,2",Miliar,Andre Tjhia Rumah Baru 3 Lantai Lebar Jalan 2 Mbl Lega Lokasi Premium,"Taman Ratu, Jakarta Barat","Track Lari, Jogging Track, Keamanan",5,4,96 m²,215 m²,3,rumah,shm - sertifikat hak milik,2200 mah,3,2022,baru,hos11151384,1,,,unfurnished,utara,,,,,,,,,,,,,,,
https://www.rumah123.com/properti/jakarta-barat/hos10218322/#qid~1f6b1cb4-725f-4476-a79a-2aa6f3ddb5c3,Rp,15,Miliar,"WANT TO SELL Rumah di Intercon, Kebon Jeruk Brand new","Intercon, Jakarta Barat","Kolam Renang,  Taman,  Jogging Track, Keamanan",4,3,425 m²,410 m²,,rumah,shm - sertifikat hak milik,4400 mah,1,,bagus sekali,hos10218322,,,1,semi furnished,timur,,,,,,,,,,,,,,,
https://www.rumah123.com/properti/jakarta-pusat/hos11096853/#qid~7840b3c9-e76e-4907-8328-f781e1b9345a,Rp,69,Miliar,Rumah American Klasik Sangat Mewah Sekali Full Furnished,"Menteng, Jakarta Pusat","CCTV,  Taman,  Kolam Renang, Ac",4,5,474 m²,1200 m²,2,rumah,shm - sertifikat hak milik,16500 mah,3,2021,baru,hos11096853,3,1,6,furnished,barat,,,,,,,,,,,,,,,
https://www.rumah123.com/properti/jakarta-selatan/hos11087883/#qid~7840b3c9-e76e-4907-8328-f781e1b9345a,Rp,40,Miliar,Rumah Mewah Design Resort Pejaten Barat Dekat Kemang Mewah Sekali,"Kemang, Jakarta Selatan","Taman,  CCTV, Kolam Renang,  Keamanan,  Ac",4,2,1592 m²,938 m²,5,rumah,shm - sertifikat hak milik,23000 mah,2,2015,bagus sekali,hos11087883,2,1,3,semi furnished,timur,,,,,,,,,,,,,,,
https://www.rumah123.com/properti/jakarta-selatan/hos11095378/#qid~7840b3c9-e76e-4907-8328-f781e1b9345a,Rp,40,Miliar,Rumah Mewah Dengan Privat Pool Area Senopati Kondisi Bagus Sekali,"Senopati, Jakarta Selatan","Kolam Renang, Ac,  Keamanan",4,3,552 m²,900 m²,2,rumah,shm - sertifikat hak milik,23000 mah,2,2015,bagus sekali,hos11095378,2,1,4,semi furnished,selatan,,,,,,,,,,,,,,,
https://www.rumah123.com/properti/jakarta-barat/hos11095994/#qid~7840b3c9-e76e-4907-8328-f781e1b9345a,Rp,"3,7",Miliar,Rumah The Riviera Puri Brand New 8x15 - Phase 2,"Metland Puri, Jakarta Barat"," Kolam Renang, Taman,  Jogging Track, Keamanan",3,3,120 m²,131 m²,2,rumah,shm - sertifikat hak milik,4400 mah,2,2019,baru,hos11095994,1,1,,unfurnished,utara,,,,,,,,,,,,,,,
https://www.rumah123.com/properti/jakarta-selatan/hos9960941/#qid~7840b3c9-e76e-4907-8328-f781e1b9345a,Rp,"1,4",Miliar,Rumah Bebas Banjir Dekat Jagakarsa Di Diamond Andara Residence Harga All In Siap Kpr,"Jagakarsa, Jakarta Selatan","Taman, Keamanan",3,2,78 m²,120 m²,1,rumah,shm - sertifikat hak milik,2200 mah,2,,,hos9960941,,,1,unfurnished,,,,,,,,,,,,,,,,
https://www.rumah123.com/properti/jakarta-selatan/hos10631156/#qid~7840b3c9-e76e-4907-8328-f781e1b9345a,Rp,85,Miliar,RUMAH SANGAT MEWAH DI PATRA KUNINGAN JAKARTA SELATAN,"patra kuningan, Jakarta Selatan"," Kolam Renang, Taman,  Jalur Telepon,  Ac, Keamanan",8,8,954 m²,1797 m²,5,rumah,shm - sertifikat hak milik,53000 mah,2,,bagus sekali,hos10631156,3,3,6,,,,,,,,,,,,,,,,,
https://www.rumah123.com/properti/jakarta-timur/hos10606472/#qid~7840b3c9-e76e-4907-8328-f781e1b9345a,Rp,"2,52",Miliar,Rumah Minimalis Siap Kpr Di Duren Sawit Bebas Banjir Harga All In,"Duren Sawit, Jakarta Timur","Taman, Keamanan",3,3,180 m²,115 m²,2,rumah,shm - sertifikat hak milik,5500 mah,1,,bagus,hos10606472,,,2,unfurnished,,,,,,,,,,,,,,,,
https://www.rumah123.com/properti/jakarta-pusat/hos11073714/#qid~7840b3c9-e76e-4907-8328-f781e1b9345a,Rp,500,Juta,"Rumah Murah di Sumurbatu,Kemayoran Jakarta pusat","Kemayoran, Jakarta Pusat",Ac,2,2,23 m²,43 m²,,rumah,shm - sertifikat hak milik,2200 mah,2,2022,baru,hos11073714,,,,unfurnished,timur,,,,,,,,,,,,,,,
https://www.rumah123.com/properti/jakarta-barat/hos11091489/#qid~7840b3c9-e76e-4907-8328-f781e1b9345a,Rp,"4,85",Miliar,Rumah Siap Huni Permata Buana 8x18 Full Renov - 3 Lantai,"Permata Buana, Jakarta Barat"," Kolam Renang,  Taman,  Jalur Telepon, Jogging Track,  Keamanan,  Ac, CCTV",4,4,144 m²,300 m²,2,rumah,shm - sertifikat hak milik,7700 mah,3,,bagus sekali,hos11091489,1,1,,semi furnished,selatan,,,,,,,,,,,,,,,
https://www.rumah123.com/properti/jakarta-selatan/hos11090170/#qid~7840b3c9-e76e-4907-8328-f781e1b9345a,Rp,"3,6",Miliar,Brand New Modern Classic 3 lantai area premium Plataran Cilandak,"Jagakarsa, Jakarta Selatan",Keamanan,4,4,101 m²,260 m²,2,rumah,shm - sertifikat hak milik,3500 mah,3,2022,baru,hos11090170,2,1,1,unfurnished,,,,,,,,,,,,,,,,
https://www.rumah123.com/properti/jakarta-utara/hos10836557/#qid~7840b3c9-e76e-4907-8328-f781e1b9345a,Rp,475,Juta,Rumah minimalis 2 lantai lokasi dekat suntermall,"Tanjung Priok, Jakarta Utara",Ac,2,1,21 m²,33 m²,,rumah,shm - sertifikat hak milik,1300 mah,2,2022,baru,hos10836557,,,,unfurnished,selatan,,,,,,,,,,,,,,,
https://www.rumah123.com/properti/jakarta-selatan/hos11089545/#qid~7840b3c9-e76e-4907-8328-f781e1b9345a,Rp,"2,55",Miliar,DALAM CLUSTER PREMIUM AREA LEBAK BULUS DEKAT MRT JAKARTA SELATAN,"Lebak Bulus, Jakarta Selatan"," Taman,  Masjid,  Jalur Telepon, Ac,  Keamanan, CCTV,  Jogging Track",4,4,101 m²,150 m²,2,rumah,shm - sertifikat hak milik,3300 mah,2,2022,baru,hos11089545,1,1,2,semi furnished,timur,,,,,,,,,,,,,,,
https://www.rumah123.com/properti/jakarta-timur/hos10458564/#qid~7840b3c9-e76e-4907-8328-f781e1b9345a,Rp,"1,27",Miliar,Rumah mewah design modern di cipinang rawamangun jakarta timur,"Rawamangun, Jakarta Timur","Keamanan 24 jam, Ac, AC,  Keamanan, CCTV",,,,,,rumah,,,,,,hos10458564,,,,,,3,3,36 m²,66 m²,shm - sertifikat hak milik,1,1,3,2022,baru,,,2200 mah,1,utara
https://www.rumah123.com/properti/jakarta-barat/hos10490194/#qid~7840b3c9-e76e-4907-8328-f781e1b9345a,Rp,"5,7",Miliar,"Rumah Citra Garden 7 Hoek Siap Huni 2,5 Lantai Langka","Citra Garden, Jakarta Barat","Taman, Keamanan 24 jam, Jogging Track, AC,  Keamanan,  Ac, Track Lari",4,3,255 m²,270 m²,1,rumah,"lainnya (ppjb,girik,adat,dll)",4400 mah,3,,bagus sekali,hos10490194,1,1,1,semi furnished,timur,,,,,,,,,,,,,,,
https://www.rumah123.com/properti/jakarta-barat/hos9800425/#qid~7840b3c9-e76e-4907-8328-f781e1b9345a,Rp,"5,5",Miliar,Rumah Citra Garden 3 Posisi Boulevard Hadap Tenggara,"Citra Garden, Jakarta Barat","Ac, Keamanan",3,3,264 m²,359 m²,,rumah,shm - sertifikat hak milik,5500 mah,3,,sudah renovasi,hos9800425,1,1,,unfurnished,,,,,,,,,,,,,,,,
https://www.rumah123.com/properti/jakarta-utara/hos11015492/#qid~7840b3c9-e76e-4907-8328-f781e1b9345a,Rp,"8,7",Miliar,Rumah PIK Minimalis 3Lantai Siap Huni,"Pantai Indah Kapuk, Jakarta Utara"," Taman, Ac, Keamanan",4,4,180 m²,300 m²,1,rumah,shm - sertifikat hak milik,4400 mah,3,,bagus sekali,hos11015492,1,1,2,semi furnished,,,,,,,,,,,,,,,,
https://www.rumah123.com/properti/jakarta-barat/hos11289081/#qid~7840b3c9-e76e-4907-8328-f781e1b9345a,Rp,"4,3",Miliar,Chandra Rumah Uk 4x25m Lokasi Bagus di Komplek Kavling Polri,"Jelambar, Jakarta Barat",Tempat Jemuran,4,5,102 m²,294 m²,,rumah,shm - sertifikat hak milik,,3,,bagus,hos11289081,,,,,,,,,,,,,,,,,,,,
https://www.rumah123.com/properti/jakarta-barat/hos11287916/#qid~1d735c75-c80b-4567-94c4-8081529c4e45,Rp,9,Miliar,Rumah Full Renov Citra Garden 6 Blue Gingger 240m2,"Citra Garden, Jakarta Barat","Taman,  Pemanas Air,  Taman,  Kitchen Set, Jalur Telepon,  Mesin Cuci,  CCTV,  Jalur Telepon, Ac, Kulkas,  AC, Wastafel,  Keamanan, Track Lari, Tempat Jemuran,  Jogging Track, Lapangan Basket",4,4,240 m²,400 m²,2,rumah,shm - sertifikat hak milik,7700 mah,2,2018,bagus,hos11287916,1,1,2,semi furnished,tenggara,,,,,,,,,,,,,,,
https://www.rumah123.com/properti/jakarta-barat/hos11286970/#qid~1d735c75-c80b-4567-94c4-8081529c4e45,Rp,"3,99",Miliar,Rumah Permata Buana Luas 136 m2 2 Lantai Sangat Bagus! TERMURAH,"Permata Buana, Jakarta Barat","Taman,  Taman, Jalur Telepon, Kitchen Set, Lapangan Tenis,  Keamanan, Tempat Jemuran, Lapangan Basket",4,3,136 m²,180 m²,1,rumah,shm - sertifikat hak milik,3500 mah,2,2015,sudah renovasi,hos11286970,1,1,1,semi furnished,utara,,,,,,,,,,,,,,,
https://www.rumah123.com/properti/jakarta-utara/hos11286954/#qid~1d735c75-c80b-4567-94c4-8081529c4e45,Rp,25,Miliar,"Rumah Brandnew 300m2, Pantai Indah Kapuk, Pik, Pool, Lift Mewah Jarang Ada. Harga Nego","Pantai Indah Kapuk, Jakarta Utara","Keamanan 24 jam, Taman,  Taman,  CCTV, Kitchen Set, Kolam Renang, Wastafel, Tempat Jemuran, Keamanan",4,4,300 m²,700 m²,,rumah,shm - sertifikat hak milik,,3,2022,baru,hos11286954,1,1,,semi furnished,utara,,,,,,,,,,,,,,,
https://www.rumah123.com/properti/jakarta-utara/hos11222084/#qid~1d735c75-c80b-4567-94c4-8081529c4e45,Rp,440,Juta,Rumah 2 Lantai Harga 1 Lantai Hanya 2 Km Ke Mall Kelapa Gading,"Kelapa Gading, Jakarta Utara","CCTV, Kitchen Set",2,2,21 m²,42 m²,,rumah,shm - sertifikat hak milik,1300 mah,2,2022,baru,hos11222084,,,,unfurnished,timur,,,,,,,,,,,,,,,
https://www.rumah123.com/properti/jakarta-selatan/hos11221899/#qid~1d735c75-c80b-4567-94c4-8081529c4e45,Rp,25,Miliar,Rumah Kokoh 2 Lantai Halaman Luas di Antasari,"Antasari, Jakarta Selatan","Taman,  Kolam Renang,  Taman,  Masjid, Jalur Telepon, Kitchen Set, Masjid,  Jalur Telepon,  AC, Kolam Renang, Wastafel,  Ac, Tempat Jemuran",5,4,1211 m²,362 m²,,rumah,shm - sertifikat hak milik,11000 mah,1,2008,bagus,hos11221899,1,1,,unfurnished,barat,,,,,,,,,,,,,,,
https://www.rumah123.com/properti/jakarta-timur/hos11202875/#qid~1d735c75-c80b-4567-94c4-8081529c4e45,Rp,"1,28",Miliar,Rumah Dengan Konsep Townhouse di Cibubur Dekat Lrt Cibubur,"Cibubur, Jakarta Timur","Keamanan 24 jam,  Taman, Akses Parkir, Jalur Telepon,  CCTV,  Playground, AC, Wastafel,  One Gate System, Tempat Jemuran",3,2,85 m²,80 m²,2,rumah,shm - sertifikat hak milik,2200 mah,2,2022,bagus,hos11202875,,,2,unfurnished,selatan,,,,,,,,,,,,,,,
https://www.rumah123.com/properti/jakarta-barat/hos11218096/#qid~1d735c75-c80b-4567-94c4-8081529c4e45,Rp,"3,8",Miliar,Andre Tjhia Sunrise Garden Rumah Bagus Lokasi Istimewa Ukuran 12x16,"Sunrise Garden, Jakarta Barat","Taman, Keamanan 24 jam, Akses Parkir,  Taman, Kitchen Set,  AC, Wastafel,  One Gate System, Track Lari, Tempat Jemuran",3,2,196 m²,156 m²,4,rumah,shm - sertifikat hak milik,2200 mah,1,,baru,hos11218096,1,1,,furnished,,,,,,,,,,,,,,,,
https://www.rumah123.com/properti/jakarta-barat/hos11215862/#qid~1d735c75-c80b-4567-94c4-8081529c4e45,Rp,"4,2",Miliar,Rumah 2 Lantai Citra Garden 2 Jakarta Barat,"Citra Garden, Jakarta Barat","Keamanan 24 jam, Taman,  Taman, Jalur Telepon,  Playground,  One Gate System, Tempat Jemuran",2,3,160 m²,240 m²,2,rumah,shm - sertifikat hak milik,3500 mah,2,,bagus,hos11215862,1,1,,unfurnished,selatan,,,,,,,,,,,,,,,
https://www.rumah123.com/properti/jakarta-selatan/hos11144120/#qid~1d735c75-c80b-4567-94c4-8081529c4e45,Rp,"4,95",Miliar,Rumah 3 lantai bata merah dan pool pribadi di Jagakarsa Jaksel,"Jagakarsa, Jakarta Selatan"," Kolam Renang,  Taman, Jalur Telepon,  Jalur Telepon, Jogging Track, Kolam Renang, AC,  Ac, Track Lari, Keamanan",4,4,202 m²,300 m²,2,rumah,shm - sertifikat hak milik,3500 mah,3,2022,baru,hos11144120,1,1,2,semi furnished,selatan,,,,,,,,,,,,,,,
https://www.rumah123.com/properti/jakarta-utara/hos11144447/#qid~1d735c75-c80b-4567-94c4-8081529c4e45,Rp,"5,2",Miliar,Axel Best Price Jarang Ada Rumah Mewah Cendana Pik 8x18,"Pantai Indah Kapuk, Jakarta Utara",Keamanan 24 jam,3,,144 m²,144 m²,,rumah,shm - sertifikat hak milik,,2,,,hos11144447,1,,,,,,,,,,,,,,,,,,,
https://www.rumah123.com/properti/jakarta-utara/hos11087881/#qid~1d735c75-c80b-4567-94c4-8081529c4e45,Rp,"2,4",Miliar,Dijual Rumah Pik 2 6x10 Brand New 3 Lantai Termurah!!!,"Pantai Indah Kapuk, Jakarta Utara"," Kolam Renang, Taman,  Jalur Telepon,  Keamanan,  Ac, CCTV,  Jogging Track",3,3,60 m²,150 m²,,rumah,"lainnya (ppjb,girik,adat,dll)",4400 mah,3,,baru,hos11087881,1,1,2,unfurnished,,,,,,,,,,,,,,,,
https://www.rumah123.com/properti/jakarta-timur/hos10195945/#qid~1d735c75-c80b-4567-94c4-8081529c4e45,Rp,780,Juta,Rumah  Mewah modern 2 lantai di jatinegara Lio kecamatan pulogadung Jakarta Timur,"Pulo Gadung, Jakarta Timur"," CCTV, Ac, Keamanan",2,2,33 m²,60 m²,1,rumah,shm - sertifikat hak milik,2200 mah,2,2022,baru,hos10195945,,,1,unfurnished,utara,,,,,,,,,,,,,,,
https://www.rumah123.com/properti/jakarta-selatan/hos10697203/#qid~1d735c75-c80b-4567-94c4-8081529c4e45,Rp,"1,9",Miliar,RUMAH BARU  HARGA NEGO,"Jagakarsa, Jakarta Selatan","Taman, Kolam Renang, AC,  Keamanan,  Ac",4,4,90 m²,150 m²,2,rumah,shm - sertifikat hak milik,2200 mah,2,2022,baru,hos10697203,,,,semi furnished,selatan,,,,,,,,,,,,,,,
https://www.rumah123.com/properti/jakarta-selatan/hos7754073/#qid~1d735c75-c80b-4567-94c4-8081529c4e45,Rp,"1,55",Miliar,"Di JUAL Rumah Townhouse Luas 126 m2, Akses TOL ANDARA","Jagakarsa, Jakarta Selatan","Keamanan 24 jam, Ac, AC, Tempat Jemuran, Keamanan",4,4,126 m²,160 m²,2,rumah,shm - sertifikat hak milik,2200 mah,2,2021,baru,hos7754073,1,1,,unfurnished,,,,,,,,,,,,,,,,
https://www.rumah123.com/properti/jakarta-barat/hos11359452/#qid~1d735c75-c80b-4567-94c4-8081529c4e45,Rp,"3,95",Miliar,"rumah minimalis ,muraahhhh di Green lake city","Green Lake City, Jakarta Barat","Jalur Telepon, Kitchen Set, Ac, AC, Tempat Jemuran",3,3,162 m²,200 m²,2,rumah,shm - sertifikat hak milik,4400 mah,2,2015,sudah renovasi,hos11359452,1,1,,semi furnished,utara,,,,,,,,,,,,,,,
