url,currency,price,price_unit_scale,title,address,facilities,k. tidur,k. mandi,l. tanah,l. bangunan,carport,tipe properti,sertifikat,daya listrik,garasi,jumlah lantai,tahun dibangun,kondisi properti,kondisi perabotan,hadap,id iklan,bedrooms,bathrooms,land size,building size,certificate,electricity,floors,property condition,furnishing,kt. pembantu,km. pembantu,carports,maid bathrooms,maid bedrooms,garages,building age,building orientation
https://www.rumah123.com/properti/bogor/hos11359026/#qid~476d06f5-e887-4bbe-b617-cf5782954f5c,Rp,400,Juta,Hunian cantik dekat sts Bojong gede,"Bojong Gede, Bogor","Taman, Keamanan 24 jam,  Taman,  Masjid, Jalur Telepon, Track Lari, Masjid,  Jalur Telepon, AC,  Keamanan,  Ac, CCTV,  Jogging Track",2,1,84 m²,45 m²,1,rumah,shm - sertifikat hak milik,1300 mah,2,1,2021,baru,unfurnished,barat,hos11359026,,,,,,,,,,,,,,,,,
https://www.rumah123.com/properti/bogor/hos11358914/#qid~476d06f5-e887-4bbe-b617-cf5782954f5c,Rp,400,Juta,Rumah murah di cibinong,"Cibinong, Bogor","Taman, Keamanan 24 jam,  Taman,  Masjid, Jalur Telepon, Track Lari,  CCTV, Masjid,  Jalur Telepon, Ac, AC,  Keamanan, CCTV,  Jogging Track",2,1,80 m²,48 m²,1,rumah,shm - sertifikat hak milik,1300 mah,1,1,2022,baru,unfurnished,selatan,hos11358914,,,,,,,,,,,,,,,,,
https://www.rumah123.com/properti/bogor/hos11358767/#qid~476d06f5-e887-4bbe-b617-cf5782954f5c,Rp,798,Juta,Miliki hunian modern di cluster carlton millenium city,"Parung, Bogor"," Kolam Renang, Taman,  Taman,  Masjid, Jalur Telepon,  Lapangan Basket,  Lapangan Voli,  Track Lari,  Lapangan Bulu Tangkis, Jogging Track,  Tempat Gym,  Keamanan, Lapangan Bola, Lapangan Tenis",3,2,72 m²,70 m²,2,rumah,hgb - hak guna bangunan,2200 mah,,2,2022,baru,unfurnished,,hos11358767,,,,,,,,,,,,,,,,,
https://www.rumah123.com/properti/bogor/hos11358688/#qid~476d06f5-e887-4bbe-b617-cf5782954f5c,Rp,655,Juta,"Rumah 2 lantai harga murah di pamulang, langsung pesan unitnya!","Parung Panjang, Bogor"," Taman,  Masjid, Jalur Telepon,  Track Lari,  Jalur Telepon, Kulkas,  AC, Jogging Track, Lapangan Bulu Tangkis, Wastafel,  Ac, Lapangan Bola, Tempat Jemuran, Keamanan",3,2,64 m²,60 m²,1,rumah,shm - sertifikat hak milik,1300 mah,2,2,2022,baru,semi furnished,timur,hos11358688,,,,,,,,,,,,,,,,,
https://www.rumah123.com/properti/bogor/hos11358503/#qid~476d06f5-e887-4bbe-b617-cf5782954f5c,Rp,782,Juta,Miliki hunian asri di cluster Alton millenium city,"Parung Panjang, Bogor","Jalur Telepon,  Track Lari,  Jalur Telepon,  Lapangan Bulu Tangkis, Lapangan Tenis,  Tempat Laundry,  Lapangan Basket,  CCTV, Masjid,  One Gate System, Wastafel,  Playground, Lapangan Bola,  Jogging Track,  Kolam Renang, Taman, Keamanan 24 jam,  Taman,  Lapangan Voli,  Akses Parkir,  Tempat Gym,  Keamanan",2,2,60 m²,61 m²,2,rumah,hgb - hak guna bangunan,2200 mah,,2,2022,baru,unfurnished,,hos11358503,,,,,,,,,,,,,,,,,
https://www.rumah123.com/properti/bogor/hos11358451/#qid~476d06f5-e887-4bbe-b617-cf5782954f5c,Rp,200,Juta,Rumah murah solusi upgrade dari kontrakan di Cibinong Bogor,"Cibinong, Bogor",Taman,2,1,72 m²,36 m²,1,rumah,hgb - hak guna bangunan,1300 mah,1,1,2022,baru,unfurnished,timur,hos11358451,,,,,,,,,,,,,,,,,
https://www.rumah123.com/properti/bogor/hos11358443/#qid~476d06f5-e887-4bbe-b617-cf5782954f5c,Rp,575,Juta,Rumah Siap Huni di Cibinong,"Cibinong, Bogor",Keamanan 24 jam,3,2,88 m²,55 m²,1,rumah,shm - sertifikat hak milik,1300 mah,,1,2021,baru,unfurnished,,hos11358443,,,,,,,,,,,,,,,,,
https://www.rumah123.com/properti/bogor/hos11358333/#qid~476d06f5-e887-4bbe-b617-cf5782954f5c,Rp,"2,5",Miliar,Rumah siap huni di boulevard vila bogor indah 2,"Ciparigi, Bogor"," Pemanas Air, Jalur Telepon,  Track Lari,  Jalur Telepon,  Lapangan Bulu Tangkis, Jogging Track,  Kolam Ikan,  Kitchen Set, Keamanan,  Tempat Laundry, Lapangan Tenis,  Masjid,  Lapangan Basket,  Mesin Cuci,  CCTV, Masjid, Kulkas,  One Gate System, Wastafel,  Playground, Lapangan Bola,  Kolam Renang, Keamanan 24 jam,  Taman,  Lapangan Voli,  AC,  Akses Parkir,  Tempat Gym,  Ac, Tempat Jemuran",5,4,270 m²,250 m²,,rumah,shm - sertifikat hak milik,3300 mah,3,2,2005,bagus,semi furnished,timur,hos11358333,,,,,,,,,,,,,,,,,
https://www.rumah123.com/properti/bogor/hos11358270/#qid~476d06f5-e887-4bbe-b617-cf5782954f5c,Rp,330,Juta,"Rumah Ready di Cilebut, Bogor","Cilebut, Bogor","Masjid, Lapangan Voli",2,1,72 m²,60 m²,1,rumah,shm - sertifikat hak milik,1300 mah,,1,2019,bagus,unfurnished,,hos11358270,,,,,,,,,,,,,,,,,
https://www.rumah123.com/properti/bogor/hos11358237/#qid~476d06f5-e887-4bbe-b617-cf5782954f5c,Rp,"4,8",Miliar,Rumah cantik Rancamaya Bogor,"Rancamaya, Bogor","Taman, Keamanan 24 jam,  Taman,  Masjid, Kitchen Set, Masjid,  Akses Parkir,  One Gate System, Tempat Jemuran, Keamanan",6,3,563 m²,171 m²,2,rumah,hgb - hak guna bangunan,2200 mah,2,1,2013,bagus,unfurnished,,hos11358237,,,,,,,,,,,,,,,,,
https://www.rumah123.com/properti/bogor/hos11358058/#qid~25cd513f-2434-41fc-86dd-6c810c0bdb94,Rp,"1,2",Miliar,Jual Rumah Di Tengah Kota Sentul City Bogor,"Sentul City, Bogor"," Taman, Wastafel, Jalur Telepon, Tempat Jemuran",,,,,,rumah,,,,,,,,,hos11358058,4,4,120 m²,240 m²,shm - sertifikat hak milik,1300 mah,2,bagus,unfurnished,,,,,,,,
https://www.rumah123.com/properti/bogor/hos11358007/#qid~25cd513f-2434-41fc-86dd-6c810c0bdb94,Rp,750,Juta,Rumah Asri Dan Nyaman Murah Dekat Kampus IPB,"Ciampea, Bogor","Taman,  Masjid,  AC, Wastafel,  Ac, Pemanas Air, Tempat Jemuran, Keamanan",2,2,84 m²,70 m²,1,rumah,shm - sertifikat hak milik,3500 mah,,1,2020,bagus,semi furnished,,hos11358007,,,,,,,,,,,,,,,,,
https://www.rumah123.com/properti/bogor/hos11357947/#qid~25cd513f-2434-41fc-86dd-6c810c0bdb94,Rp,300,Juta,Rumah dijual dua juta langsung akad di Cilebut Bogor Jawa barat,"Cilebut, Bogor","Taman, Keamanan 24 jam,  Taman,  Masjid,  Lapangan Voli, Masjid,  Lapangan Bulu Tangkis,  Akses Parkir,  Playground, Lapangan Bola, Tempat Jemuran, Keamanan, Lapangan Basket",2,1,72 m²,60 m²,1,rumah,shm - sertifikat hak milik,1300 mah,1,1,2019,bagus,unfurnished,timur,hos11357947,,,,,,,,,,,,,,,,,
https://www.rumah123.com/properti/bogor/hos11357976/#qid~25cd513f-2434-41fc-86dd-6c810c0bdb94,Rp,"1,5",Miliar,Rumah 2 Lantai Baru Perumahan Pabuaran Bogor,"Cibinong, Bogor","Keamanan 24 jam,  Kolam Renang,  Taman, Jalur Telepon,  Track Lari,  CCTV, Masjid, Kulkas,  AC,  Akses Parkir,  Playground, Lapangan Bulu Tangkis, Wastafel, Tempat Gym, Tempat Jemuran,  Kitchen Set",4,3,200 m²,400 m²,2,rumah,shm - sertifikat hak milik,4400 mah,,2,2018,baru,semi furnished,timur,hos11357976,,,,,,,,,,1,1,,,,,,
https://www.rumah123.com/properti/bogor/hos11357872/#qid~25cd513f-2434-41fc-86dd-6c810c0bdb94,Rp,450,Juta,Tiga puluh lima juta saja dioper rumah strategis dekat dengan pusat kota Bogor,"Laladon, Bogor"," Kolam Renang, Taman,  Taman, Keamanan 24 jam,  Lapangan Basket,  Track Lari,  Lapangan Voli, Masjid, Keamanan,  Lapangan Bulu Tangkis,  Playground, Lapangan Bola, Tempat Jemuran,  Jogging Track, Lapangan Tenis,  Tempat Laundry",2,1,72 m²,36 m²,1,rumah,hgb - hak guna bangunan,1300 mah,1,1,2019,bagus,unfurnished,timur,hos11357872,,,,,,,,,,,,,,,,,
https://www.rumah123.com/properti/bogor/hos11355249/#qid~25cd513f-2434-41fc-86dd-6c810c0bdb94,Rp,945,Juta,Rumah Baru Type Scandinavian Surat SHM Cluster Depan di Sentul City,"Sentul City, Bogor","Taman, Keamanan 24 jam,  Taman, Masjid,  Playground,  One Gate System, Tempat Jemuran",3,1,90 m²,70 m²,1,rumah,shm - sertifikat hak milik,1300 mah,,1,,baru,,,hos11355249,,,,,,,,,,,,,,,,,
https://www.rumah123.com/properti/bogor/hos11355268/#qid~25cd513f-2434-41fc-86dd-6c810c0bdb94,Rp,"1,65",Miliar,"Rumah Minimalis 2 Lantai Siap Huni di Sentul City, Bogor","Sentul City, Bogor","Taman, One Gate System, Tempat Jemuran, Keamanan 24 jam",3,2,84 m²,89 m²,1,rumah,hgb - hak guna bangunan,2200 mah,,2,,bagus,,,hos11355268,,,,,,,,,,1,1,,,,,,
https://www.rumah123.com/properti/bogor/hos11355305/#qid~25cd513f-2434-41fc-86dd-6c810c0bdb94,Rp,"1,25",Miliar,"Rumah Minimalis di Bawah Pasaran Siap Huni di Sentul City, Bogor","Sentul City, Bogor","Taman, One Gate System, Tempat Jemuran, Keamanan 24 jam",3,2,84 m²,89 m²,1,rumah,"lainnya (ppjb,girik,adat,dll)",2200 mah,,2,,bagus,,,hos11355305,,,,,,,,,,1,1,,,,,,
https://www.rumah123.com/properti/bogor/hos11355336/#qid~25cd513f-2434-41fc-86dd-6c810c0bdb94,Rp,"1,15",Miliar,Rumah Minimalis 2 Lantai Surat SHM Cluster Depan di Sentul City,"Sentul City, Bogor","Taman, Keamanan 24 jam,  Taman, Kitchen Set, Masjid,  Playground, AC,  One Gate System, Tempat Jemuran",3,2,90 m²,150 m²,1,rumah,shm - sertifikat hak milik,5500 mah,,2,,bagus,,,hos11355336,,,,,,,,,,,,,,,,,
https://www.rumah123.com/properti/bogor/hos11355887/#qid~25cd513f-2434-41fc-86dd-6c810c0bdb94,Rp,"1,3",Miliar,Rumah Minimalis Siap Huni Surat SHM di Sentul Alaya,"Sentul City, Bogor","Taman, Keamanan 24 jam, One Gate System,  Playground, Tempat Jemuran, Lapangan Basket",2,1,150 m²,62 m²,1,rumah,shm - sertifikat hak milik,2200 mah,,1,,bagus,,,hos11355887,,,,,,,,,,,,,,,,,
https://www.rumah123.com/properti/bogor/hos11355890/#qid~25cd513f-2434-41fc-86dd-6c810c0bdb94,Rp,"1,25",Miliar,"Rumah Minimalis Lingkungan Asri Surat SHM di Sentul City, Bogor","Sentul City, Bogor","Taman, One Gate System, Tempat Jemuran, Keamanan 24 jam",3,2,144 m²,88 m²,1,rumah,shm - sertifikat hak milik,2200 mah,,1,,bagus,,,hos11355890,,,,,,,,,,1,1,,,,,,
https://www.rumah123.com/properti/bogor/hos11345614/#qid~25cd513f-2434-41fc-86dd-6c810c0bdb94,Rp,11,Miliar,"Rumah 2 Lantai Baru Unfurnished di River View, Bogor","Sentul City, Bogor","Keamanan 24 jam,  Taman, Akses Parkir,  CCTV, Kolam Renang, Wastafel,  One Gate System, Track Lari, Tempat Jemuran",4,4,543 m²,495 m²,2,rumah,"lainnya (ppjb,girik,adat,dll)",5500 mah,2,2,2021,baru,unfurnished,,hos11345614,,,,,,,,,,2,1,,,,,,
https://www.rumah123.com/properti/bogor/hos11345604/#qid~25cd513f-2434-41fc-86dd-6c810c0bdb94,Rp,5,Miliar,"Rumah Bagus Siap Huni di Cluster Hiltop, Sentul City Bogor","Sentul City, Bogor","Taman, Keamanan 24 jam, Akses Parkir,  Taman,  CCTV, Wastafel,  One Gate System, Track Lari, Tempat Jemuran",4,3,396 m²,299 m²,2,rumah,hgb - hak guna bangunan,4400 mah,2,2,,bagus,unfurnished,,hos11345604,,,,,,,,,,1,1,,,,,,
https://www.rumah123.com/properti/bogor/hos11345604/#qid~b2d78676-f2d8-4857-92e0-0db041e64cd8,Rp,5,Miliar,"Rumah Bagus Siap Huni di Cluster Hiltop, Sentul City Bogor","Sentul City, Bogor","Taman, Keamanan 24 jam, Akses Parkir,  Taman,  CCTV, Wastafel,  One Gate System, Track Lari, Tempat Jemuran",4,3,396 m²,299 m²,2,rumah,hgb - hak guna bangunan,4400 mah,2,2,,bagus,unfurnished,,hos11345604,,,,,,,,,,1,1,,,,,,
https://www.rumah123.com/properti/bogor/hos11343668/#qid~b2d78676-f2d8-4857-92e0-0db041e64cd8,Rp,"3,5",Miliar,"Rumah Bagus Semi Furnished Siap Huni di Cluster Imperial, Bogor","Sentul City, Bogor","Taman, Keamanan 24 jam, Akses Parkir,  Taman,  CCTV, Kitchen Set,  AC, Wastafel,  One Gate System, Track Lari, Tempat Jemuran",4,4,321 m²,500 m²,2,rumah,hgb - hak guna bangunan,4400 mah,1,2,,bagus,semi furnished,,hos11343668,,,,,,,,,,1,1,,,,,,
https://www.rumah123.com/properti/bogor/hos11343641/#qid~b2d78676-f2d8-4857-92e0-0db041e64cd8,Rp,"6,5",Miliar,"Rumah 2 Lantai Baru Unfurnished HGB di Equator, Bogor","Sentul City, Bogor","Taman, Keamanan 24 jam, Akses Parkir,  Taman,  CCTV,  One Gate System, Track Lari, Tempat Jemuran",4,5,313 m²,360 m²,2,rumah,hgb - hak guna bangunan,5500 mah,2,2,2022,baru,unfurnished,,hos11343641,,,,,,,,,,2,1,,,,,,
https://www.rumah123.com/properti/bogor/hos11343645/#qid~b2d78676-f2d8-4857-92e0-0db041e64cd8,Rp,"4,5",Miliar,"Rumah Butuh Renovasi Unfurnished di Imperial, Bogor","Sentul City, Bogor","Taman, Keamanan 24 jam, Akses Parkir,  Taman,  CCTV,  One Gate System, Track Lari, Tempat Jemuran",3,2,575 m²,200 m²,2,rumah,"lainnya (ppjb,girik,adat,dll)",2200 mah,2,1,,butuh renovasi,unfurnished,,hos11343645,,,,,,,,,,1,1,,,,,,
https://www.rumah123.com/properti/bogor/hos11343642/#qid~b2d78676-f2d8-4857-92e0-0db041e64cd8,Rp,7,Miliar,"Rumah 2 Lantai Baru Unfurnished HGB di Equator, Bogor","Sentul City, Bogor","Taman, Keamanan 24 jam, Akses Parkir,  Taman,  CCTV, Wastafel,  One Gate System, Track Lari, Tempat Jemuran",4,4,340 m²,400 m²,2,rumah,hgb - hak guna bangunan,5500 mah,2,2,2022,baru,unfurnished,,hos11343642,,,,,,,,,,2,1,,,,,,
https://www.rumah123.com/properti/bogor/hos11343655/#qid~b2d78676-f2d8-4857-92e0-0db041e64cd8,Rp,1,Miliar,"Rumah Bagus Semi Furnished SHM di Taman Udayana, Bogor","Sentul City, Bogor","Taman, Keamanan 24 jam, Akses Parkir,  Taman,  CCTV, Kitchen Set,  AC, Wastafel,  One Gate System, Track Lari, Tempat Jemuran",,,,,,rumah,,,,,,,,,hos11343655,2,1,150 m²,63 m²,shm - sertifikat hak milik,1300 mah,1,bagus,semi furnished,,,1,1,,,,
https://www.rumah123.com/properti/bogor/hos11343656/#qid~b2d78676-f2d8-4857-92e0-0db041e64cd8,Rp,"11,5",Miliar,"Rumah Baru Siap Huni di Cluster Northridge, Sentul City Bogor","Sentul City, Bogor","Keamanan 24 jam,  Taman, Akses Parkir,  CCTV, Kolam Renang, Wastafel,  One Gate System, Track Lari, Tempat Jemuran",4,5,518 m²,515 m²,2,rumah,hgb - hak guna bangunan,5500 mah,2,3,2021,baru,unfurnished,,hos11343656,,,,,,,,,,2,1,,,,,,
https://www.rumah123.com/properti/bogor/hos11357705/#qid~b2d78676-f2d8-4857-92e0-0db041e64cd8,Rp,784,Juta,Rumah Modern DiperumahanEksklusif Kemang Bogor,"Bogor Barat, Bogor","Taman, Keamanan 24 jam,  Taman,  Kolam Renang,  CCTV, Keamanan, Kolam Renang,  Playground, Tempat Gym,  One Gate System, Track Lari, Tempat Jemuran,  Jogging Track",3,3,90 m²,80 m²,1,rumah,hgb - hak guna bangunan,2200 mah,,2,,baru,unfurnished,,hos11357705,,,,,,,,,,,,,,,,,
https://www.rumah123.com/properti/bogor/hos11357681/#qid~b2d78676-f2d8-4857-92e0-0db041e64cd8,Rp,438,Juta,Rumah Baru SHM di Jalan Raya Parung Bogor,"Gunung Sindur, Bogor","Taman, Keamanan 24 jam,  Taman,  Masjid, Jalur Telepon,  CCTV, Masjid, Kitchen Set,  Akses Parkir,  Playground,  Keamanan,  One Gate System, Track Lari, Wastafel,  Jogging Track",2,1,60 m²,35 m²,1,rumah,shm - sertifikat hak milik,1300 mah,,1,2022,baru,unfurnished,selatan,hos11357681,,,,,,,,,,,,,,,,,
https://www.rumah123.com/properti/bogor/hos11357675/#qid~b2d78676-f2d8-4857-92e0-0db041e64cd8,Rp,460,Juta,Cluster Mora @De Lora Residence,"Parung Panjang, Bogor"," Kolam Renang, Taman,  Taman,  Masjid, Jalur Telepon,  Lapangan Basket, Lapangan Bola,  Lapangan Voli,  Track Lari, Kitchen Set,  Jalur Telepon,  Lapangan Bulu Tangkis,  Tempat Gym,  Keamanan, CCTV, Tempat Jemuran,  Jogging Track, Lapangan Tenis",2,1,27 m²,60 m²,,rumah,"lainnya (ppjb,girik,adat,dll)",1300 mah,,1,2022,bagus,unfurnished,,hos11357675,,,,,,,,,,,,,,,,,
https://www.rumah123.com/properti/bogor/hos11285691/#qid~b2d78676-f2d8-4857-92e0-0db041e64cd8,Rp,"8,5",Miliar,"Rumah Mewah Hook, Tepi Danau Sentul City","Sentul City, Bogor","Keamanan 24 jam, Taman,  Taman, Kitchen Set, Kolam Renang, Wastafel,  One Gate System, Tempat Jemuran",5,6,483 m²,500 m²,2,rumah,hgb - hak guna bangunan,7700 mah,2,3,2017,bagus,semi furnished,,hos11285691,,,,,,,,,,2,,,,,,,
https://www.rumah123.com/properti/bogor/hos11342048/#qid~b2d78676-f2d8-4857-92e0-0db041e64cd8,Rp,"2,5",Miliar,"Rumah 2 Lantai Bagus Semi Furnished, Siap Huni, di Cluster Sentul City, Bogor","Sentul City, Bogor","Taman, Keamanan 24 jam, Akses Parkir,  Taman,  CCTV, Kitchen Set,  AC, Wastafel, Tempat Jemuran,  One Gate System,  Kolam Ikan",4,4,180 m²,300 m²,2,rumah,shm - sertifikat hak milik,5500 mah,,2,2017,bagus,semi furnished,,hos11342048,,,,,,,,,,1,1,,,,,,
https://www.rumah123.com/properti/bogor/hos11342133/#qid~b2d78676-f2d8-4857-92e0-0db041e64cd8,Rp,750,Juta,"Rumah Minimalis Murah di Sentul City, Bogor","Sentul City, Bogor","Taman, Keamanan 24 jam, Akses Parkir,  Taman,  Playground,  One Gate System, Wastafel",2,2,105 m²,60 m²,1,rumah,shm - sertifikat hak milik,1300 mah,,1,2015,bagus,unfurnished,,hos11342133,,,,,,,,,,1,,,,,,,
https://www.rumah123.com/properti/bogor/hos11342250/#qid~b2d78676-f2d8-4857-92e0-0db041e64cd8,Rp,5,Miliar,"Rumah Minimalis Modern Baru, Siap Huni, di Cluster Sentul City, Bogor","Sentul City, Bogor","Taman, Keamanan 24 jam, Akses Parkir,  Taman,  Playground,  One Gate System, Wastafel",4,3,396 m²,299 m²,2,rumah,hgb - hak guna bangunan,4400 mah,,2,2019,baru,unfurnished,,hos11342250,,,,,,,,,,1,1,,,,,,
https://www.rumah123.com/properti/bogor/hos11343650/#qid~b2d78676-f2d8-4857-92e0-0db041e64cd8,Rp,"1,25",Miliar,"Rumah 2 Lantai Baru Unfurnished di Green Mountain, Bogor","Sentul City, Bogor","Taman, Keamanan 24 jam, Akses Parkir,  Taman,  CCTV, Wastafel,  One Gate System, Track Lari, Tempat Jemuran",3,2,84 m²,89 m²,1,rumah,"lainnya (ppjb,girik,adat,dll)",2200 mah,,2,2020,baru,unfurnished,,hos11343650,,,,,,,,,,1,1,,,,,,
https://www.rumah123.com/properti/bogor/hos11343653/#qid~b2d78676-f2d8-4857-92e0-0db041e64cd8,Rp,"3,5",Miliar,"Rumah 2 Lantai Bagus Semi Furnished HGB di Imperial, Bogor","Sentul City, Bogor","Taman, Keamanan 24 jam, Akses Parkir,  Taman,  CCTV, Kitchen Set,  AC, Wastafel,  One Gate System, Track Lari, Tempat Jemuran",4,4,321 m²,500 m²,2,rumah,hgb - hak guna bangunan,4400 mah,1,2,,bagus,semi furnished,,hos11343653,,,,,,,,,,1,1,,,,,,
https://www.rumah123.com/properti/bogor/hos11343649/#qid~b2d78676-f2d8-4857-92e0-0db041e64cd8,Rp,"1,65",Miliar,"Rumah Baru Unfurnished di Green Mountain, Sentul City Bogor","Sentul City, Bogor","Taman, Keamanan 24 jam, Akses Parkir,  Taman,  CCTV, Wastafel,  One Gate System, Track Lari, Tempat Jemuran",3,2,84 m²,89 m²,1,rumah,"lainnya (ppjb,girik,adat,dll)",2200 mah,,1,2020,baru,unfurnished,,hos11343649,,,,,,,,,,1,1,,,,,,
https://www.rumah123.com/properti/bogor/hos11343646/#qid~b2d78676-f2d8-4857-92e0-0db041e64cd8,Rp,"1,15",Miliar,Rumah 2 Lantai Sudah Renovasi Semi Furnished SHM di Victoria,"Sentul City, Bogor","Taman, Keamanan 24 jam,  Taman,  CCTV, Masjid, Kitchen Set,  AC,  Akses Parkir,  Playground, Wastafel,  One Gate System, Track Lari, Tempat Jemuran,  Tempat Laundry",3,2,90 m²,150 m²,1,rumah,shm - sertifikat hak milik,5500 mah,,2,,sudah renovasi,semi furnished,,hos11343646,,,,,,,,,,,,,,,,,
https://www.rumah123.com/properti/bogor/hos11343647/#qid~b2d78676-f2d8-4857-92e0-0db041e64cd8,Rp,945,Juta,"Rumah Baru Unfurnished SHM di Victoria, Bogor","Sentul City, Bogor","Taman, Keamanan 24 jam,  Taman,  CCTV, Masjid,  Akses Parkir,  Playground,  One Gate System, Track Lari, Tempat Jemuran,  Tempat Laundry",3,1,90 m²,70 m²,1,rumah,shm - sertifikat hak milik,1300 mah,,1,2022,baru,unfurnished,,hos11343647,,,,,,,,,,,,,,,,,
https://www.rumah123.com/properti/bogor/hos11356281/#qid~b2d78676-f2d8-4857-92e0-0db041e64cd8,Rp,945,Juta,Rumah Baru SHM Dengan Udara Yang Sejuk Dan Asri di Sentul City Bogor,"Sentul City, Bogor","Taman, Tempat Jemuran, Keamanan 24 jam,  One Gate System",3,1,90 m²,70 m²,1,rumah,shm - sertifikat hak milik,1300 mah,,1,2022,baru,,,hos11356281,,,,,,,,,,,,,,,,,
https://www.rumah123.com/properti/bogor/hos11356283/#qid~8a6bc583-76d8-47cc-91fc-993ba8c3ab73,Rp,"1,65",Miliar,"Rumah 2 Lantai Baru Unfurnished di Sentul City , Bogor","Sentul City, Bogor","Taman, Keamanan 24 jam, Wastafel,  One Gate System, Tempat Jemuran",3,2,84 m²,89 m²,1,rumah,"lainnya (ppjb,girik,adat,dll)",1300 mah,,2,2020,baru,unfurnished,timur laut,hos11356283,,,,,,,,,,1,1,,,,,,
https://www.rumah123.com/properti/bogor/hos11356276/#qid~8a6bc583-76d8-47cc-91fc-993ba8c3ab73,Rp,"11,5",Miliar,Rumah 2 Lantai Baru Lantai Marmer di Area Sentul City Bogor,"Sentul City, Bogor"," Kolam Renang, Keamanan 24 jam,  Taman, Taman, Jalur Telepon, AC, Wastafel,  One Gate System, Track Lari, Tempat Jemuran",4,5,518 m²,515 m²,2,rumah,hgb - hak guna bangunan,5500 mah,2,2,2022,baru,unfurnished,timur,hos11356276,,,,,,,,,,2,1,,,,,,
https://www.rumah123.com/properti/bogor/hos11356277/#qid~8a6bc583-76d8-47cc-91fc-993ba8c3ab73,Rp,"6,5",Miliar,"Rumah 2 Lantai Baru Unfurnished HGB di Sentul City , Bogor","Sentul City, Bogor"," Kolam Renang, Keamanan 24 jam,  Taman, Jalur Telepon, Masjid,  Playground, Wastafel,  One Gate System, Tempat Jemuran",4,5,313 m²,360 m²,1,rumah,hgb - hak guna bangunan,5500 mah,1,2,2022,baru,unfurnished,,hos11356277,,,,,,,,,,2,1,,,,,,
https://www.rumah123.com/properti/bogor/hos11356278/#qid~8a6bc583-76d8-47cc-91fc-993ba8c3ab73,Rp,7,Miliar,"Rumah 2 Lantai Baru Unfurnished HGB di Sentul City , Bogor","Sentul City, Bogor"," Kolam Renang, Keamanan 24 jam,  Taman, Jalur Telepon, Masjid,  Playground, Wastafel,  One Gate System, Track Lari, Tempat Jemuran",4,4,340 m²,400 m²,1,rumah,hgb - hak guna bangunan,5500 mah,1,2,2022,baru,unfurnished,timur laut,hos11356278,,,,,,,,,,2,1,,,,,,
https://www.rumah123.com/properti/bogor/hos11356279/#qid~8a6bc583-76d8-47cc-91fc-993ba8c3ab73,Rp,"4,5",Miliar,Rumah Brgitu Adanya di Area Sentul City Bogor,"Sentul City, Bogor","Taman, Keamanan 24 jam, Wastafel,  One Gate System, Tempat Jemuran",,,,,,rumah,,,,,,,,,hos11356279,3,2,575 m²,200 m²,"lainnya (ppjb,girik,adat,dll)",2200 mah,1,bagus,unfurnished,,,2,1,1,,,
https://www.rumah123.com/properti/bogor/hos11356280/#qid~8a6bc583-76d8-47cc-91fc-993ba8c3ab73,Rp,"1,15",Miliar,"Rumah 2 Lantai Bagus Semi Furnished SHM di Sentul City , Bogor","Sentul City, Bogor","Taman, Keamanan 24 jam, Kitchen Set,  AC, Wastafel,  One Gate System, Tempat Jemuran",3,2,90 m²,150 m²,1,rumah,shm - sertifikat hak milik,5500 mah,,2,2019,bagus,semi furnished,,hos11356280,,,,,,,,,,,,,,,,,
https://www.rumah123.com/properti/bogor/hos11356282/#qid~8a6bc583-76d8-47cc-91fc-993ba8c3ab73,Rp,"1,25",Miliar,"Rumah 2 Lantai Baru Unfurnished di Sentul City , Bogor","Sentul City, Bogor","Taman, Tempat Jemuran, Keamanan 24 jam,  One Gate System",3,2,84 m²,89 m²,1,rumah,"lainnya (ppjb,girik,adat,dll)",2200 mah,,2,2020,baru,unfurnished,,hos11356282,,,,,,,,,,1,1,,,,,,
https://www.rumah123.com/properti/bogor/hos11356284/#qid~8a6bc583-76d8-47cc-91fc-993ba8c3ab73,Rp,"3,5",Miliar,"Rumah 2 Lantai Bagus Semi Furnished HGB di Sentul City , Bogor","Sentul City, Bogor","Taman, Keamanan 24 jam, Kitchen Set,  AC, Wastafel,  One Gate System, Tempat Jemuran",4,4,321 m²,500 m²,1,rumah,hgb - hak guna bangunan,4400 mah,1,2,2016,bagus,semi furnished,,hos11356284,,,,,,,,,,1,1,,,,,,
https://www.rumah123.com/properti/bogor/hos11356285/#qid~8a6bc583-76d8-47cc-91fc-993ba8c3ab73,Rp,1,Miliar,"Rumah Bagus Semi Furnished SHM di Sentul City , Bogor","Sentul City, Bogor","Taman, Keamanan 24 jam, Kitchen Set,  AC, Wastafel,  One Gate System, Tempat Jemuran",2,1,150 m²,63 m²,1,rumah,shm - sertifikat hak milik,1300 mah,,1,,bagus,semi furnished,,hos11356285,,,,,,,,,,1,1,,,,,,
https://www.rumah123.com/properti/bogor/hos11357254/#qid~8a6bc583-76d8-47cc-91fc-993ba8c3ab73,Rp,540,Juta,Rumah tanpa DP cukup 5 jt booking dekat Tol Kayu Manis,"Tajur Halang, Bogor"," Taman, Jalur Telepon, Track Lari,  CCTV, Masjid,  Jalur Telepon, Jogging Track, Wastafel,  Keamanan, CCTV, Tempat Jemuran",2,1,85 m²,45 m²,1,rumah,shm - sertifikat hak milik,1300 mah,,1,2022,baru,unfurnished,utara,hos11357254,,,,,,,,,,,,,,,,,
https://www.rumah123.com/properti/bogor/hos11356601/#qid~8a6bc583-76d8-47cc-91fc-993ba8c3ab73,Rp,"1,1",Miliar,Rumah 2 Lantai di Area Komplek Perumahan Yang Banyak Dicari,"Katulampa, Bogor"," Kolam Renang, Keamanan 24 jam,  Taman, Jalur Telepon,  CCTV, Masjid, Kitchen Set,  Jalur Telepon, Jogging Track,  Akses Parkir, Wastafel, Tempat Gym,  Keamanan, Track Lari, Tempat Jemuran",3,2,84 m²,155 m²,1,rumah,hgb - hak guna bangunan,2200 mah,,2,2002,sudah renovasi,furnished,timur,hos11356601,,,,,,,,,,1,,,,,,,
https://www.rumah123.com/properti/bogor/hos11356841/#qid~8a6bc583-76d8-47cc-91fc-993ba8c3ab73,Rp,456,Juta,"Rumah Murah di Bojong Gede,dp 0,gratis Biaya2,cukup Boking 2juta","Bojong Gede, Bogor","Taman, One Gate System,  Playground, Keamanan 24 jam",2,1,72 m²,39 m²,,rumah,shm - sertifikat hak milik,2200 mah,,1,2022,,,,hos11356841,,,,,,,,,,,,,,,,,
https://www.rumah123.com/properti/bogor/hos11356708/#qid~8a6bc583-76d8-47cc-91fc-993ba8c3ab73,Rp,644,Juta,13 Menit Stasiun Cibinong Beli Rumah Bonusnya Bikin Shock Rumah Ala Jepang SHM,"Cibinong, Bogor","Taman, Wastafel",2,1,76 m²,36 m²,,rumah,shm - sertifikat hak milik,1300 mah,,1,2022,baru,unfurnished,,hos11356708,,,,,,,,,,,,,,,,,
https://www.rumah123.com/properti/bogor/hos11355310/#qid~8a6bc583-76d8-47cc-91fc-993ba8c3ab73,Rp,"3,5",Miliar,"Rumah Minimalis Siap Huni Semi Furnished di Sentul City, Bogor","Sentul City, Bogor","Taman, Keamanan 24 jam, One Gate System, Kitchen Set,  AC, Wastafel, Tempat Jemuran",4,4,321 m²,500 m²,1,rumah,hgb - hak guna bangunan,4400 mah,1,2,,bagus,semi furnished,,hos11355310,,,,,,,,,,1,1,,,,,,
https://www.rumah123.com/properti/bogor/hos11355888/#qid~8a6bc583-76d8-47cc-91fc-993ba8c3ab73,Rp,5,Miliar,"Rumah Minimalis 2 Lantai Cluster Depan di Sentul City, Bogor","Sentul City, Bogor","Taman, One Gate System, Tempat Jemuran, Keamanan 24 jam",4,3,396 m²,299 m²,2,rumah,hgb - hak guna bangunan,4400 mah,,2,,bagus,,,hos11355888,,,,,,,,,,1,1,,,,,,
https://www.rumah123.com/properti/bogor/hos11355883/#qid~8a6bc583-76d8-47cc-91fc-993ba8c3ab73,Rp,6,Miliar,"Rumah Classic Butuh Renovasi, Cluster Imperial di Sentul City","Sentul City, Bogor","Taman, One Gate System, Tempat Jemuran, Keamanan 24 jam",4,4,526 m²,400 m²,1,rumah,"lainnya (ppjb,girik,adat,dll)",3300 mah,1,2,,butuh renovasi,,,hos11355883,,,,,,,,,,1,1,,,,,,
https://www.rumah123.com/properti/bogor/hos11355885/#qid~8a6bc583-76d8-47cc-91fc-993ba8c3ab73,Rp,"2,3",Miliar,Rumah Minimalis 2 Lantai Siap Huni Dekat Jungleland di Sentul City,"Sentul City, Bogor","Taman, Keamanan 24 jam,  Playground,  One Gate System, Tempat Jemuran",3,2,299 m²,125 m²,1,rumah,"lainnya (ppjb,girik,adat,dll)",2200 mah,,2,,bagus,,,hos11355885,,,,,,,,,,1,1,,,,,,
https://www.rumah123.com/properti/bogor/hos11356454/#qid~8a6bc583-76d8-47cc-91fc-993ba8c3ab73,Rp,473,Juta,Rumah Ala Eropa Dp 0 Free Tv Dan Sofa 10 Menit Stasiun Citayam SHM,"Bojong Gede, Bogor","Taman, Wastafel",2,1,72 m²,36 m²,,rumah,shm - sertifikat hak milik,1300 mah,,1,2022,baru,unfurnished,,hos11356454,,,,,,,,,,,,,,,,,
https://www.rumah123.com/properti/bogor/hos11356349/#qid~8a6bc583-76d8-47cc-91fc-993ba8c3ab73,Rp,275,Juta,Rumah bebas banjir bogor minimalis termewah,"Tamansari, Bogor","CCTV, Keamanan 24 jam, Taman,  Keamanan",2,1,60 m²,36 m²,1,rumah,shm - sertifikat hak milik,1300 mah,,1,2022,baru,,utara,hos11356349,,,,,,,,,,,,,,,,,
https://www.rumah123.com/properti/bogor/hos11356291/#qid~8a6bc583-76d8-47cc-91fc-993ba8c3ab73,Rp,11,Miliar,"Rumah 2 Lantai Baru Unfurnished di Sentul City , Bogor","Sentul City, Bogor"," Kolam Renang, Keamanan 24 jam,  Taman, Taman, Jalur Telepon, Wastafel,  One Gate System, Tempat Jemuran",4,4,543 m²,495 m²,4,rumah,"lainnya (ppjb,girik,adat,dll)",5500 mah,2,2,2021,baru,unfurnished,,hos11356291,,,,,,,,,,2,1,,,,,,
https://www.rumah123.com/properti/bogor/hos11356289/#qid~0a74697a-ab92-4dc2-a303-0dd9d0bcbe67,Rp,6,Miliar,"Rumah 2 Lantai Bagus Unfurnished di Sentul City , Bogor","Sentul City, Bogor","Taman, Keamanan 24 jam, Wastafel,  One Gate System, Tempat Jemuran",4,4,526 m²,400 m²,1,rumah,"lainnya (ppjb,girik,adat,dll)",3500 mah,1,2,,bagus,unfurnished,,hos11356289,,,,,,,,,,1,1,,,,,,
https://www.rumah123.com/properti/bogor/hos11356287/#qid~0a74697a-ab92-4dc2-a303-0dd9d0bcbe67,Rp,"9,5",Miliar,"Rumah Bagus Unfurnished SHM di Sentul City , Bogor","Sentul City, Bogor","Taman, Keamanan 24 jam,  Playground, Wastafel,  One Gate System, Tempat Jemuran",2,1,108 m²,62 m²,1,rumah,shm - sertifikat hak milik,1300 mah,,1,,bagus,unfurnished,,hos11356287,,,,,,,,,,,,,,,,,
https://www.rumah123.com/properti/bogor/hos11356286/#qid~0a74697a-ab92-4dc2-a303-0dd9d0bcbe67,Rp,5,Miliar,"Rumah 2 Lantai Bagus Unfurnished HGB di Sentul City, Bogor","Sentul City, Bogor","Taman, Keamanan 24 jam, Wastafel,  One Gate System, Tempat Jemuran",4,3,396 m²,299 m²,2,rumah,hgb - hak guna bangunan,4400 mah,,2,2018,bagus,unfurnished,,hos11356286,,,,,,,,,,1,1,,,,,,
https://www.rumah123.com/properti/bogor/hos11356290/#qid~0a74697a-ab92-4dc2-a303-0dd9d0bcbe67,Rp,"1,25",Miliar,"Rumah Baru Unfurnished SHM di Sentul City, Bogor","Sentul City, Bogor","Taman, Keamanan 24 jam, Wastafel,  One Gate System, Tempat Jemuran",3,3,144 m²,88 m²,1,rumah,shm - sertifikat hak milik,1300 mah,,1,2020,baru,unfurnished,,hos11356290,,,,,,,,,,1,,,,,,,
https://www.rumah123.com/properti/bogor/hos11356288/#qid~0a74697a-ab92-4dc2-a303-0dd9d0bcbe67,Rp,"2,3",Miliar,"Rumah 2 Lantai Bagus Unfurnished di Sentul City , Bogor","Sentul City, Bogor","Taman, Keamanan 24 jam, Wastafel,  One Gate System, Tempat Jemuran",3,2,299 m²,125 m²,1,rumah,"lainnya (ppjb,girik,adat,dll)",2200 mah,,2,,bagus,unfurnished,,hos11356288,,,,,,,,,,1,1,,,,,,
https://www.rumah123.com/properti/bogor/hos11356292/#qid~0a74697a-ab92-4dc2-a303-0dd9d0bcbe67,Rp,550,Juta,"Rumah 2 Lantai Bagus Semi Furnished HGB di Sentul City, Bogor","Sentul City, Bogor","Taman, Keamanan 24 jam, Kitchen Set, Wastafel,  One Gate System, Tempat Jemuran",2,2,84 m²,60 m²,1,rumah,hgb - hak guna bangunan,2200 mah,,2,2015,bagus,semi furnished,,hos11356292,,,,,,,,,,,,,,,,,
https://www.rumah123.com/properti/bogor/hos11356295/#qid~0a74697a-ab92-4dc2-a303-0dd9d0bcbe67,Rp,"3,9",Miliar,"Rumah 2 Lantai Bagus Furnished SHM di Sentul City , Bogor","Sentul City, Bogor","Taman, Keamanan 24 jam,  Pemanas Air,  Mesin Cuci, Kulkas,  AC, Wastafel,  One Gate System, Tempat Jemuran,  Kitchen Set",3,4,329 m²,299 m²,2,rumah,shm - sertifikat hak milik,3500 mah,,2,,bagus,furnished,,hos11356295,,,,,,,,,,1,,,,,,,
https://www.rumah123.com/properti/bogor/hos11356294/#qid~0a74697a-ab92-4dc2-a303-0dd9d0bcbe67,Rp,"5,5",Miliar,"Rumah 2 Lantai Bagus Unfurnished SHM di Sentul City , Bogor","Sentul City, Bogor","Taman, Keamanan 24 jam, Wastafel,  One Gate System, Tempat Jemuran",4,4,498 m²,400 m²,2,rumah,shm - sertifikat hak milik,3500 mah,1,2,2021,bagus,unfurnished,,hos11356294,,,,,,,,,,2,1,,,,,,
https://www.rumah123.com/properti/bogor/hos11356296/#qid~0a74697a-ab92-4dc2-a303-0dd9d0bcbe67,Rp,5,Miliar,"Rumah 2 Lantai Baru Unfurnished di Sentul City, Bogor","Sentul City, Bogor","Taman, Keamanan 24 jam, Wastafel,  One Gate System, Tempat Jemuran",3,3,330 m²,362 m²,1,rumah,"lainnya (ppjb,girik,adat,dll)",4400 mah,1,2,2020,baru,unfurnished,,hos11356296,,,,,,,,,,1,1,,,,,,
https://www.rumah123.com/properti/bogor/hos11356299/#qid~0a74697a-ab92-4dc2-a303-0dd9d0bcbe67,Rp,"1,5",Miliar,"Rumah 2 Lantai Bagus Semi Furnished SHM di Sentul City , Bogor","Sentul City, Bogor","Taman, Keamanan 24 jam, Kitchen Set,  AC, Wastafel,  One Gate System, Tempat Jemuran",5,3,141 m²,141 m²,1,rumah,shm - sertifikat hak milik,2200 mah,,2,,bagus,semi furnished,,hos11356299,,,,,,,,,,,,,,,,,
https://www.rumah123.com/properti/bogor/hos11356297/#qid~0a74697a-ab92-4dc2-a303-0dd9d0bcbe67,Rp,7,Miliar,"Rumah 2 Lantai Bagus Unfurnished HGB di Sentul City , Bogor","Sentul City, Bogor","Keamanan 24 jam, Taman,  Taman, Kolam Renang,  One Gate System, Tempat Jemuran",4,3,375 m²,450 m²,2,rumah,hgb - hak guna bangunan,4400 mah,2,2,,bagus,unfurnished,,hos11356297,,,,,,,,,,2,2,,,,,,
https://www.rumah123.com/properti/bogor/hos11356298/#qid~0a74697a-ab92-4dc2-a303-0dd9d0bcbe67,Rp,"4,5",Miliar,"Rumah 2 Lantai Bagus Semi Furnished SHM di Sentul City , Bogor","Sentul City, Bogor","Taman, Keamanan 24 jam, Kitchen Set,  AC, Wastafel,  One Gate System, Tempat Jemuran",4,2,334 m²,350 m²,1,rumah,shm - sertifikat hak milik,5500 mah,1,2,2018,bagus,semi furnished,,hos11356298,,,,,,,,,,1,2,,,,,,
https://www.rumah123.com/properti/bogor/hos11356301/#qid~0a74697a-ab92-4dc2-a303-0dd9d0bcbe67,Rp,575,Juta,"Rumah Bagus Unfurnished SHM di Sentul City , Bogor","Sentul City, Bogor","Taman, Keamanan 24 jam,  Playground, Wastafel,  One Gate System, Tempat Jemuran",3,2,81 m²,65 m²,1,rumah,shm - sertifikat hak milik,1300 mah,,1,2015,bagus,unfurnished,,hos11356301,,,,,,,,,,,,,,,,,
https://www.rumah123.com/properti/bogor/hos11356302/#qid~0a74697a-ab92-4dc2-a303-0dd9d0bcbe67,Rp,825,Juta,"Rumah Bagus Semi Furnished SHM di Sentul City , Bogor","Sentul City, Bogor","Taman, Keamanan 24 jam, Kitchen Set,  AC, Wastafel,  One Gate System, Tempat Jemuran",2,2,90 m²,65 m²,1,rumah,shm - sertifikat hak milik,1300 mah,,1,,bagus,semi furnished,,hos11356302,,,,,,,,,,,,,,,,,
https://www.rumah123.com/properti/bogor/hos11356300/#qid~0a74697a-ab92-4dc2-a303-0dd9d0bcbe67,Rp,"3,7",Miliar,"Rumah 2 Lantai Bagus Semi Furnished SHM di Sentul City , Bogor","Sentul City, Bogor","Taman, Keamanan 24 jam, Kitchen Set,  AC, Wastafel,  One Gate System, Tempat Jemuran",3,3,127 m²,200 m²,1,rumah,shm - sertifikat hak milik,3500 mah,,2,,bagus,semi furnished,,hos11356300,,,,,,,,,,1,,,,,,,
https://www.rumah123.com/properti/bogor/hos11356306/#qid~0a74697a-ab92-4dc2-a303-0dd9d0bcbe67,Rp,900,Juta,"Rumah Bagus Unfurnished SHM di Sentul City , Bogor","Sentul City, Bogor","Taman, Keamanan 24 jam, Wastafel,  One Gate System, Tempat Jemuran",2,1,90 m²,90 m²,1,rumah,shm - sertifikat hak milik,1300 mah,,1,2020,bagus,unfurnished,,hos11356306,,,,,,,,,,,,,,,,,
https://www.rumah123.com/properti/bogor/hos11356305/#qid~0a74697a-ab92-4dc2-a303-0dd9d0bcbe67,Rp,"2,5",Miliar,"Rumah 2 Lantai Bagus Semi Furnished SHM di Sentul City , Bogor","Sentul City, Bogor","Taman, Keamanan 24 jam, Kitchen Set,  AC,  Playground, Wastafel,  One Gate System, Tempat Jemuran",4,4,180 m²,300 m²,1,rumah,shm - sertifikat hak milik,5500 mah,,2,,bagus,semi furnished,,hos11356305,,,,,,,,,,1,1,,,,,,
https://www.rumah123.com/properti/bogor/hos11356303/#qid~0a74697a-ab92-4dc2-a303-0dd9d0bcbe67,Rp,945,Juta,"Rumah Baru Unfurnished SHM di Sentul City , Bogor","Sentul City, Bogor","Taman, Tempat Jemuran, Keamanan 24 jam,  One Gate System",3,1,90 m²,70 m²,1,rumah,shm - sertifikat hak milik,1300 mah,,1,2022,baru,unfurnished,,hos11356303,,,,,,,,,,,,,,,,,
https://www.rumah123.com/properti/bogor/hos11345940/#qid~0a74697a-ab92-4dc2-a303-0dd9d0bcbe67,Rp,275,Juta,Rumah mewah dicitayam dekat stasiun KA on progres siap huni,"Bojong Gede, Bogor"," Taman,  Masjid, Jalur Telepon,  CCTV, AC, Wastafel,  Keamanan,  Ac, CCTV, Tempat Jemuran",2,1,60 m²,40 m²,1,rumah,shm - sertifikat hak milik,1300 mah,1,1,2022,baru,unfurnished,selatan,hos11345940,,,,,,,,,,,,,,,,,
https://www.rumah123.com/properti/bogor/hos11356300/#qid~9ab0b10c-8ceb-4c9a-9e7a-479f91a141d1,Rp,"3,7",Miliar,"Rumah 2 Lantai Bagus Semi Furnished SHM di Sentul City , Bogor","Sentul City, Bogor","Taman, Keamanan 24 jam, Kitchen Set,  AC, Wastafel,  One Gate System, Tempat Jemuran",3,3,127 m²,200 m²,1,rumah,shm - sertifikat hak milik,3500 mah,,2,,bagus,semi furnished,,hos11356300,,,,,,,,,,1,,,,,,,
https://www.rumah123.com/properti/bogor/hos11356299/#qid~9ab0b10c-8ceb-4c9a-9e7a-479f91a141d1,Rp,"1,5",Miliar,"Rumah 2 Lantai Bagus Semi Furnished SHM di Sentul City , Bogor","Sentul City, Bogor","Taman, Keamanan 24 jam, Kitchen Set,  AC, Wastafel,  One Gate System, Tempat Jemuran",5,3,141 m²,141 m²,1,rumah,shm - sertifikat hak milik,2200 mah,,2,,bagus,semi furnished,,hos11356299,,,,,,,,,,,,,,,,,
https://www.rumah123.com/properti/bogor/hos11356297/#qid~9ab0b10c-8ceb-4c9a-9e7a-479f91a141d1,Rp,7,Miliar,"Rumah 2 Lantai Bagus Unfurnished HGB di Sentul City , Bogor","Sentul City, Bogor","Keamanan 24 jam, Taman,  Taman, Kolam Renang,  One Gate System, Tempat Jemuran",4,3,375 m²,450 m²,2,rumah,hgb - hak guna bangunan,4400 mah,2,2,,bagus,unfurnished,,hos11356297,,,,,,,,,,2,2,,,,,,
https://www.rumah123.com/properti/bogor/hos11356298/#qid~9ab0b10c-8ceb-4c9a-9e7a-479f91a141d1,Rp,"4,5",Miliar,"Rumah 2 Lantai Bagus Semi Furnished SHM di Sentul City , Bogor","Sentul City, Bogor","Taman, Keamanan 24 jam, Kitchen Set,  AC, Wastafel,  One Gate System, Tempat Jemuran",4,2,334 m²,350 m²,1,rumah,shm - sertifikat hak milik,5500 mah,1,2,2018,bagus,semi furnished,,hos11356298,,,,,,,,,,1,2,,,,,,
https://www.rumah123.com/properti/bogor/hos11356301/#qid~9ab0b10c-8ceb-4c9a-9e7a-479f91a141d1,Rp,575,Juta,"Rumah Bagus Unfurnished SHM di Sentul City , Bogor","Sentul City, Bogor","Taman, Keamanan 24 jam,  Playground, Wastafel,  One Gate System, Tempat Jemuran",3,2,81 m²,65 m²,1,rumah,shm - sertifikat hak milik,1300 mah,,1,2015,bagus,unfurnished,,hos11356301,,,,,,,,,,,,,,,,,
https://www.rumah123.com/properti/bogor/hos11356302/#qid~9ab0b10c-8ceb-4c9a-9e7a-479f91a141d1,Rp,825,Juta,"Rumah Bagus Semi Furnished SHM di Sentul City , Bogor","Sentul City, Bogor","Taman, Keamanan 24 jam, Kitchen Set,  AC, Wastafel,  One Gate System, Tempat Jemuran",2,2,90 m²,65 m²,1,rumah,shm - sertifikat hak milik,1300 mah,,1,,bagus,semi furnished,,hos11356302,,,,,,,,,,,,,,,,,
https://www.rumah123.com/properti/bogor/hos11356303/#qid~9ab0b10c-8ceb-4c9a-9e7a-479f91a141d1,Rp,945,Juta,"Rumah Baru Unfurnished SHM di Sentul City , Bogor","Sentul City, Bogor","Taman, Tempat Jemuran, Keamanan 24 jam,  One Gate System",3,1,90 m²,70 m²,1,rumah,shm - sertifikat hak milik,1300 mah,,1,2022,baru,unfurnished,,hos11356303,,,,,,,,,,,,,,,,,
https://www.rumah123.com/properti/bogor/hos11356306/#qid~9ab0b10c-8ceb-4c9a-9e7a-479f91a141d1,Rp,900,Juta,"Rumah Bagus Unfurnished SHM di Sentul City , Bogor","Sentul City, Bogor","Taman, Keamanan 24 jam, Wastafel,  One Gate System, Tempat Jemuran",2,1,90 m²,90 m²,1,rumah,shm - sertifikat hak milik,1300 mah,,1,2020,bagus,unfurnished,,hos11356306,,,,,,,,,,,,,,,,,
https://www.rumah123.com/properti/bogor/hos11356305/#qid~9ab0b10c-8ceb-4c9a-9e7a-479f91a141d1,Rp,"2,5",Miliar,"Rumah 2 Lantai Bagus Semi Furnished SHM di Sentul City , Bogor","Sentul City, Bogor","Taman, Keamanan 24 jam, Kitchen Set,  AC,  Playground, Wastafel,  One Gate System, Tempat Jemuran",4,4,180 m²,300 m²,1,rumah,shm - sertifikat hak milik,5500 mah,,2,,bagus,semi furnished,,hos11356305,,,,,,,,,,1,1,,,,,,
https://www.rumah123.com/properti/bogor/hos11345940/#qid~9ab0b10c-8ceb-4c9a-9e7a-479f91a141d1,Rp,275,Juta,Rumah mewah dicitayam dekat stasiun KA on progres siap huni,"Bojong Gede, Bogor"," Taman,  Masjid, Jalur Telepon,  CCTV, AC, Wastafel,  Keamanan,  Ac, CCTV, Tempat Jemuran",2,1,60 m²,40 m²,1,rumah,shm - sertifikat hak milik,1300 mah,1,1,2022,baru,unfurnished,selatan,hos11345940,,,,,,,,,,,,,,,,,
https://www.rumah123.com/properti/bogor/hos11356146/#qid~9ab0b10c-8ceb-4c9a-9e7a-479f91a141d1,Rp,619,Juta,Rumah Minimalis Modern Termurah Ready Stock Dalam Cluster Cikeas Residence,"Cikeas, Bogor"," Pemanas Air, Jalur Telepon,  Track Lari,  Lapangan Bulu Tangkis,  Kolam Ikan, Lapangan Tenis,  Tempat Laundry,  Masjid,  Lapangan Basket,  CCTV, Masjid, Kitchen Set,  One Gate System, Wastafel,  Playground, Lapangan Bola,  Jogging Track,  Kolam Renang, Taman,  Taman, Keamanan 24 jam,  Lapangan Voli,  AC,  Akses Parkir,  Tempat Gym,  Keamanan,  Ac, Tempat Jemuran",2,1,90 m²,36 m²,1,rumah,shm - sertifikat hak milik,1300 mah,1,1,2021,baru,unfurnished,timur,hos11356146,,,,,,,,,,,,,,,,,
https://www.rumah123.com/properti/bogor/hos11356077/#qid~9ab0b10c-8ceb-4c9a-9e7a-479f91a141d1,Rp,265,Juta,Jual rumah murah si kawasan cilebut tanpa kredit,"Cilebut, Bogor","Akses Parkir, Masjid",2,1,67 m²,36 m²,,rumah,shm - sertifikat hak milik,900 mah,1,1,2019,baru,unfurnished,selatan,hos11356077,,,,,,,,,,,,,,,,,
https://www.rumah123.com/properti/bogor/hos11355861/#qid~9ab0b10c-8ceb-4c9a-9e7a-479f91a141d1,Rp,499,Juta,Cluster Eksklusif Dekat Stasiun Cilebut Bogor,"Cilebut, Bogor","Taman, Keamanan",3,2,66 m²,41 m²,1,rumah,shm - sertifikat hak milik,1300 mah,1,2,,baru,,barat daya,hos11355861,,,,,,,,,,,,,,,,,
https://www.rumah123.com/properti/bogor/hos11355338/#qid~9ab0b10c-8ceb-4c9a-9e7a-479f91a141d1,Rp,"1,15",Miliar,Rumah Minimalis 2 Lantai Siap Huni Surat SHM di Sentul City,"Sentul City, Bogor","Taman, Keamanan 24 jam, Kitchen Set, Masjid,  Playground,  One Gate System, Tempat Jemuran",3,2,90 m²,150 m²,1,rumah,shm - sertifikat hak milik,5500 mah,,2,,bagus,,,hos11355338,,,,,,,,,,,,,,,,,
https://www.rumah123.com/properti/bogor/hos11355580/#qid~9ab0b10c-8ceb-4c9a-9e7a-479f91a141d1,Rp,75,Juta,Biarpun over kredit yang penting bisa punya rumah dimna pun adanya,"Parung, Bogor","Keamanan 24 jam,  Taman, Masjid, Keamanan",2,1,60 m²,30 m²,1,rumah,shm - sertifikat hak milik,900 mah,1,1,2019,bagus,unfurnished,selatan,hos11355580,,,,,,,,,,,,,,,,,
https://www.rumah123.com/properti/bogor/hos11355466/#qid~9ab0b10c-8ceb-4c9a-9e7a-479f91a141d1,Rp,438,Juta,Rumah Baru Spesifikasi Bata Merah dekat Pasar Parung.,"Gunung Sindur, Bogor"," Kolam Renang,  Taman, Jalur Telepon, Track Lari,  Jalur Telepon, Ac, Kolam Renang, AC,  Keamanan, CCTV,  Jogging Track",2,1,63 m²,36 m²,,rumah,shm - sertifikat hak milik,1300 mah,1,1,2022,baru,unfurnished,timur,hos11355466,,,,,,,,,,,,,,,,,
https://www.rumah123.com/properti/bogor/hos11351345/#qid~9ab0b10c-8ceb-4c9a-9e7a-479f91a141d1,Rp,160,Juta,Rumah cash 2 kamar tidur 1 kamar mandi strategis bebas banjir,"Bojong Gede, Bogor","Keamanan 24 jam,  Taman,  Masjid, Jalur Telepon,  CCTV, Masjid,  Jalur Telepon, Ac,  Akses Parkir, AC, Wastafel,  Keamanan,  One Gate System, CCTV, Tempat Jemuran",2,1,42 m²,42 m²,1,rumah,shm - sertifikat hak milik,1300 mah,1,1,2022,baru,unfurnished,selatan,hos11351345,,,,,,,,,,,,,,,,,
https://www.rumah123.com/properti/bogor/hos11355283/#qid~d038a960-1c55-49f7-95ae-6ec67c77eb27,Rp,945,Juta,Rumah Baru Siap Huni Surat SHM Cluster Depan di Sentul City,"Sentul City, Bogor","Taman, Keamanan 24 jam,  Taman, Masjid,  Playground,  One Gate System, Tempat Jemuran",3,1,90 m²,70 m²,1,rumah,shm - sertifikat hak milik,1300 mah,,1,,baru,,,hos11355283,,,,,,,,,,,,,,,,,
https://www.rumah123.com/properti/bogor/hos11355308/#qid~d038a960-1c55-49f7-95ae-6ec67c77eb27,Rp,"1,65",Miliar,"Rumah 2 Lantai Siap Huni View Gunung di Sentul City, Bogor","Sentul City, Bogor","Taman, One Gate System, Tempat Jemuran, Keamanan 24 jam",3,2,84 m²,89 m²,1,rumah,"lainnya (ppjb,girik,adat,dll)",2200 mah,,2,,bagus,,,hos11355308,,,,,,,,,,1,1,,,,,,
https://www.rumah123.com/properti/bogor/hos11355306/#qid~d038a960-1c55-49f7-95ae-6ec67c77eb27,Rp,"1,25",Miliar,Rumah Minimalis 2 Lantai Harga Murah Siap Huni di Sentul City,"Sentul City, Bogor","Taman, One Gate System, Tempat Jemuran, Keamanan 24 jam",3,2,84 m²,89 m²,1,rumah,"lainnya (ppjb,girik,adat,dll)",2200 mah,,2,,bagus,,,hos11355306,,,,,,,,,,1,1,,,,,,
https://www.rumah123.com/properti/bogor/hos11355311/#qid~d038a960-1c55-49f7-95ae-6ec67c77eb27,Rp,"3,5",Miliar,"Rumah Minimalis 2 Lantai View Gunung di Sentul City, Bogor","Sentul City, Bogor","Taman, Keamanan 24 jam, One Gate System, Kitchen Set,  AC, Wastafel, Tempat Jemuran",4,4,321 m²,500 m²,1,rumah,hgb - hak guna bangunan,4400 mah,1,2,,bagus,semi furnished,,hos11355311,,,,,,,,,,1,1,,,,,,
https://www.rumah123.com/properti/bogor/hos11355221/#qid~d038a960-1c55-49f7-95ae-6ec67c77eb27,Rp,360,Juta,"Rumah Minimalis di Kemang Kab. Bogor, Bogor Dekat St Bojong Gede","Tajur Halang, Bogor","Taman, One Gate System",2,1,72 m²,36 m²,1,rumah,shm - sertifikat hak milik,1300 mah,,1,2021,,unfurnished,,hos11355221,,,,,,,,,,,,,,,,,
https://www.rumah123.com/properti/bogor/hos11355154/#qid~d038a960-1c55-49f7-95ae-6ec67c77eb27,Rp,399,Juta,Rumah Cozy Design Scandi di Bojong Gede 14 Menit Ke St Bojong Gede,"Bojong Gede, Bogor","Keamanan 24 jam, One Gate System",2,1,60 m²,40 m²,,rumah,shm - sertifikat hak milik,1300 mah,,1,2022,baru,,,hos11355154,,,,,,,,,,,,,,,,,
https://www.rumah123.com/properti/bogor/hos11354876/#qid~d038a960-1c55-49f7-95ae-6ec67c77eb27,Rp,"3,17",Miliar,Dijual Rumah Siap Huni Cluster Sierra Madre Sentul City,"Sentul City, Bogor","Keamanan 24 jam, Taman, Jalur Telepon,  CCTV,  One Gate System, Track Lari",3,3,404 m²,200 m²,1,rumah,shm - sertifikat hak milik,3500 mah,,2,,bagus,unfurnished,barat daya,hos11354876,,,,,,,,,,1,1,,,,,,
https://www.rumah123.com/properti/bogor/hos11354868/#qid~d038a960-1c55-49f7-95ae-6ec67c77eb27,Rp,"3,16",Miliar,Jual Rumah Siap Huni Cluster Terdepan di Sentul City,"Sentul City, Bogor","Keamanan 24 jam, Taman, Jalur Telepon,  CCTV,  Playground,  One Gate System, Track Lari",3,3,404 m²,200 m²,1,rumah,shm - sertifikat hak milik,3500 mah,,2,,bagus,unfurnished,barat daya,hos11354868,,,,,,,,,,1,1,,,,,,
https://www.rumah123.com/properti/bogor/hos11354859/#qid~d038a960-1c55-49f7-95ae-6ec67c77eb27,Rp,"3,15",Miliar,Jual Rumah Murah Siap Huni di Cluster Exclusive Sentul City,"Sentul City, Bogor","Keamanan 24 jam, Taman, Jalur Telepon,  CCTV,  Playground,  One Gate System, Track Lari",3,3,404 m²,200 m²,1,rumah,shm - sertifikat hak milik,3500 mah,,2,,bagus,unfurnished,barat daya,hos11354859,,,,,,,,,,1,1,,,,,,
https://www.rumah123.com/properti/bogor/hos11354831/#qid~d038a960-1c55-49f7-95ae-6ec67c77eb27,Rp,5,Miliar,Jual Cepat Rumah Bagus Untuk Villa di Megamendung,"Megamendung, Bogor"," Pemanas Air, Akses Parkir,  Track Lari,  Kolam Ikan,  Kitchen Set, Lapangan Tenis,  Mesin Cuci,  CCTV, Kulkas,  One Gate System, Wastafel, Kolam Renang,  Playground, Lapangan Bola,  Kolam Renang, Taman,  Taman,  Lapangan Voli, Tempat Jemuran",16,8,3033 m²,500 m²,,rumah,shm - sertifikat hak milik,5500 mah,10,1,2000,bagus,furnished,,hos11354831,,,,,,,,,,1,1,,,,,,
https://www.rumah123.com/properti/bogor/hos11287656/#qid~d038a960-1c55-49f7-95ae-6ec67c77eb27,Rp,830,Juta,"Rumah Murah Siap Huni Kiara Dekat Semplak, Yasmin Lingkar Bogor","Curug, Bogor"," Kolam Renang, Taman,  Taman, Keamanan 24 jam,  Masjid,  CCTV, Masjid, Ac, Jogging Track,  Akses Parkir,  Playground, AC,  Keamanan, Track Lari, Tempat Jemuran",3,2,112 m²,75 m²,1,rumah,shm - sertifikat hak milik,1300 mah,,1,2014,bagus,semi furnished,utara,hos11287656,,,,,,,,,,,,,,,,,
https://www.rumah123.com/properti/bogor/hos11287339/#qid~d038a960-1c55-49f7-95ae-6ec67c77eb27,Rp,"3,5",Miliar,Rumah Bagus 2 Lantai Rapi Siap Huni Harga Nego,"Kota Wisata, Bogor","Keamanan 24 jam,  Kolam Renang,  Taman, Jalur Telepon,  Track Lari,  CCTV, Masjid,  Akses Parkir,  Playground, Tempat Gym, Lapangan Tenis",4,3,300 m²,350 m²,,rumah,hgb - hak guna bangunan,,,2,,sudah renovasi,,barat,hos11287339,,,,,,,,,,1,1,,,,,,
https://www.rumah123.com/properti/bogor/hos11287331/#qid~d038a960-1c55-49f7-95ae-6ec67c77eb27,Rp,"1,25",Miliar,Rumah 2 Lantai Bagus Dalam Cluster Harga Nego,"Kota Wisata, Bogor","Keamanan 24 jam,  Kolam Renang,  Taman, Jalur Telepon,  Track Lari,  CCTV, Masjid,  Akses Parkir,  Playground, Tempat Gym, Lapangan Tenis",3,2,105 m²,110 m²,,rumah,hgb - hak guna bangunan,,,2,,bagus,,timur,hos11287331,,,,,,,,,,1,,,,,,,
https://www.rumah123.com/properti/bogor/hos11287318/#qid~d038a960-1c55-49f7-95ae-6ec67c77eb27,Rp,500,Juta,Special promo Harga Terbaik,"Cibinong, Bogor","Taman, Keamanan 24 jam,  Taman,  Masjid, Jalur Telepon,  One Gate System,  CCTV, Masjid,  Jalur Telepon, AC, Wastafel,  Keamanan,  Ac, CCTV, Tempat Jemuran",3,2,60 m²,54 m²,2,rumah,shm - sertifikat hak milik,2200 mah,2,2,2022,baru,unfurnished,barat,hos11287318,,,,,,,,,,,,,,,,,
https://www.rumah123.com/properti/bogor/hos11287315/#qid~d038a960-1c55-49f7-95ae-6ec67c77eb27,Rp,"1,6",Miliar,Rumah 2 Lantai Siap Huni Harga Murah Di Kota Wisata Cibubur,"Kota Wisata, Bogor","Keamanan 24 jam,  Kolam Renang,  Taman, Jalur Telepon,  CCTV, Masjid,  Akses Parkir,  Playground,  One Gate System,  Tempat Laundry",4,3,144 m²,170 m²,2,rumah,shm - sertifikat hak milik,,,2,,bagus,,,hos11287315,,,,,,,,,,1,,,,,,,
https://www.rumah123.com/properti/bogor/hos11287309/#qid~d038a960-1c55-49f7-95ae-6ec67c77eb27,Rp,"1,45",Miliar,Rumah Scandinavian Bagus Bangunan Luas Dalam Cluster,"Kota Wisata, Bogor","Keamanan 24 jam,  Kolam Renang,  Taman, Jalur Telepon,  Track Lari,  CCTV, Masjid,  Akses Parkir,  Playground, Tempat Gym, Lapangan Tenis",3,2,105 m²,140 m²,,rumah,hgb - hak guna bangunan,,,2,,sudah renovasi,,,hos11287309,,,,,,,,,,1,,,,,,,
https://www.rumah123.com/properti/bogor/hos11287298/#qid~d038a960-1c55-49f7-95ae-6ec67c77eb27,Rp,600,Juta,2Lantai Harga 1 Lantai ! Bebas coustem,"Cibinong, Bogor","Keamanan 24 jam,  Taman,  Masjid, Jalur Telepon,  CCTV, Masjid, Ac, AC, Wastafel,  Keamanan,  One Gate System, Tempat Jemuran",3,2,70 m²,54 m²,2,rumah,shm - sertifikat hak milik,2200 mah,2,2,2022,butuh renovasi,unfurnished,barat,hos11287298,,,,,,,,,,,,,,,,,
https://www.rumah123.com/properti/bogor/hos11287295/#qid~d038a960-1c55-49f7-95ae-6ec67c77eb27,Rp,"13,9",Miliar,"Jual Villa Inc Swimming Pool Tempat Berkuda di Dramaga Bogor, Am 3499","Dramaga, Bogor"," Kolam Renang, Keamanan 24 jam,  Taman, Taman, Jalur Telepon,  CCTV, Kitchen Set,  AC,  Playground, Wastafel, Tempat Jemuran, Track Lari,  Kolam Ikan",,,,,,rumah,,,,,,,,,hos11287295,4,5,8000 m²,1000 m²,shm - sertifikat hak milik,10000 mah,2,bagus,unfurnished,,,10,,,,,
https://www.rumah123.com/properti/bogor/hos11287267/#qid~d038a960-1c55-49f7-95ae-6ec67c77eb27,Rp,225,Juta,Rumah Minimalis Modern 10mnt Dari Stasiun Citayam,"Bojong Gede, Bogor","Taman, Keamanan 24 jam,  CCTV,  One Gate System, CCTV, Tempat Jemuran",2,1,60 m²,36 m²,1,rumah,shm - sertifikat hak milik,1300 mah,,1,2022,baru,unfurnished,timur,hos11287267,,,,,,,,,,,,,,,,,
https://www.rumah123.com/properti/bogor/hos11287264/#qid~af04e686-fd14-481d-bf77-d69add63cd32,Rp,225,Juta,Rumah Minimalis Modern 10mnt Dari Stasiun Citayam,"Cilebut, Bogor","Taman,  CCTV, Keamanan 24 jam,  One Gate System",2,1,60 m²,36 m²,1,rumah,shm - sertifikat hak milik,1300 mah,,1,2022,baru,unfurnished,timur,hos11287264,,,,,,,,,,,,,,,,,
https://www.rumah123.com/properti/bogor/hos11285555/#qid~af04e686-fd14-481d-bf77-d69add63cd32,Rp,945,Juta,"Rumah Baru Minimalis Scandinavian, Siap Huni, Dekat Aeon, di Cluster Sentul City, Bogor","Sentul City, Bogor","Taman, Keamanan 24 jam,  Taman, Kitchen Set, Masjid,  Playground, Wastafel,  One Gate System, Tempat Jemuran",3,1,90 m²,70 m²,1,rumah,shm - sertifikat hak milik,1300 mah,,1,2022,baru,unfurnished,,hos11285555,,,,,,,,,,,,,,,,,
https://www.rumah123.com/properti/bogor/hos11286110/#qid~af04e686-fd14-481d-bf77-d69add63cd32,Rp,"3,5",Miliar,"Rumah Siap Huni Posisi Depan Taman, View Pegunungan, di Cluster Sentul City, Bogor","Sentul City, Bogor","Taman, Keamanan 24 jam, Kulkas,  AC, Wastafel,  One Gate System, Tempat Jemuran,  Kitchen Set",4,4,323 m²,500 m²,1,rumah,hgb - hak guna bangunan,4400 mah,1,2,2016,bagus,semi furnished,,hos11286110,,,,,,,,,,1,1,,,,,,
https://www.rumah123.com/properti/bogor/hos11287052/#qid~af04e686-fd14-481d-bf77-d69add63cd32,Rp,"1,1",Miliar,"Rumah Minimalis, Jauh Dari Kebisingan di Bnr","Rangga Mekar, Bogor","Keamanan 24 jam, Kitchen Set, Taman",3,3,155 m²,103 m²,1,rumah,shm - sertifikat hak milik,2200 mah,,2,,bagus,unfurnished,utara,hos11287052,,,,,,,,,,1,1,,,,,,
https://www.rumah123.com/properti/bogor/hos11287033/#qid~af04e686-fd14-481d-bf77-d69add63cd32,Rp,"3,8",Miliar,Rumah Minimalis Modern Bagus Sudah Renovasi,"Cibubur, Bogor","Taman, Keamanan 24 jam,  Kolam Renang,  Taman, Jalur Telepon,  Track Lari,  CCTV, Masjid,  Akses Parkir,  Playground, Tempat Gym, Lapangan Tenis",4,2,230 m²,300 m²,,rumah,hgb - hak guna bangunan,,,2,,sudah renovasi,,,hos11287033,,,,,,,,,,,,,,,,,
https://www.rumah123.com/properti/bogor/hos11287030/#qid~af04e686-fd14-481d-bf77-d69add63cd32,Rp,10,Miliar,Hunian Cozy Hook Dan Depan Taman di Lokasi Idaman Kota Wisata,"Kota Wisata, Bogor","Keamanan 24 jam,  Kolam Renang,  Taman, Jalur Telepon,  CCTV, Masjid, Kolam Renang,  Akses Parkir,  Playground, AC,  One Gate System,  Tempat Laundry",5,4,577 m²,600 m²,2,rumah,shm - sertifikat hak milik,,2,2,,bagus,,,hos11287030,,,,,,,,,,1,1,,,,,,
https://www.rumah123.com/properti/bogor/hos11287028/#qid~af04e686-fd14-481d-bf77-d69add63cd32,Rp,3,Miliar,"Rumah Mewah Super Luas, Dalam Cluster di Bnr","Rangga Mekar, Bogor","Keamanan 24 jam, Kitchen Set, Wastafel, Taman",4,4,162 m²,300 m²,1,rumah,shm - sertifikat hak milik,3500 mah,,2,,bagus,unfurnished,selatan,hos11287028,,,,,,,,,,1,1,,,,,,
https://www.rumah123.com/properti/bogor/hos11287026/#qid~af04e686-fd14-481d-bf77-d69add63cd32,Rp,775,Juta,"Sentul City,bogor","Sentul City, Bogor","Taman, Track Lari, Keamanan 24 jam,  One Gate System",2,1,105 m²,44 m²,1,rumah,"lainnya (ppjb,girik,adat,dll)",2200 mah,,1,2017,bagus,unfurnished,,hos11287026,,,,,,,,,,,,,,,,,
https://www.rumah123.com/properti/bogor/hos11287024/#qid~af04e686-fd14-481d-bf77-d69add63cd32,Rp,7,Miliar,"Sentul City,bogor","Sentul City, Bogor","Taman, Keamanan 24 jam, Kolam Renang,  One Gate System, Track Lari, Wastafel",4,3,375 m²,450 m²,2,rumah,hgb - hak guna bangunan,4400 mah,3,3,2020,baru,unfurnished,,hos11287024,,,,,,,,,,2,2,,,,,,
https://www.rumah123.com/properti/bogor/hos11287021/#qid~af04e686-fd14-481d-bf77-d69add63cd32,Rp,5,Miliar,"Sentul City,bogor","Sentul City, Bogor","Taman, Keamanan 24 jam,  One Gate System, Track Lari, Wastafel",3,3,330 m²,362 m²,2,rumah,"lainnya (ppjb,girik,adat,dll)",4400 mah,1,2,2020,baru,unfurnished,,hos11287021,,,,,,,,,,1,1,,,,,,
https://www.rumah123.com/properti/bogor/hos11286979/#qid~af04e686-fd14-481d-bf77-d69add63cd32,Rp,5,Miliar,"Sentul City,bogor","Sentul City, Bogor","Taman, Keamanan 24 jam,  One Gate System, Track Lari, Wastafel",4,4,498 m²,400 m²,2,rumah,shm - sertifikat hak milik,3500 mah,2,2,2022,baru,unfurnished,,hos11286979,,,,,,,,,,2,1,,,,,,
https://www.rumah123.com/properti/bogor/hos11286971/#qid~af04e686-fd14-481d-bf77-d69add63cd32,Rp,"1,1",Miliar,"Sentul City,bogor","Sentul City, Bogor","Taman, Keamanan 24 jam, AC,  One Gate System, Track Lari, Wastafel",1,1,90 m²,60 m²,1,rumah,"lainnya (ppjb,girik,adat,dll)",2200 mah,,1,2020,bagus,semi furnished,,hos11286971,,,,,,,,,,,,,,,,,
https://www.rumah123.com/properti/bogor/hos11286969/#qid~af04e686-fd14-481d-bf77-d69add63cd32,Rp,11,Miliar,"Sentul City,bogor","Sentul City, Bogor","Taman, Keamanan 24 jam, Kolam Renang,  One Gate System, Track Lari, Wastafel",4,4,543 m²,495 m²,2,rumah,"lainnya (ppjb,girik,adat,dll)",5500 mah,2,2,2021,baru,unfurnished,barat,hos11286969,,,,,,,,,,2,1,,,,,,
https://www.rumah123.com/properti/bogor/hos11286967/#qid~af04e686-fd14-481d-bf77-d69add63cd32,Rp,6,Miliar,"Sentul City,bogor","Sentul City, Bogor","Taman, Track Lari, Keamanan 24 jam,  One Gate System",4,4,526 m²,400 m²,2,rumah,"lainnya (ppjb,girik,adat,dll)",3500 mah,2,3,2016,butuh renovasi,unfurnished,utara,hos11286967,,,,,,,,,,1,1,,,,,,
https://www.rumah123.com/properti/bogor/hos11286963/#qid~af04e686-fd14-481d-bf77-d69add63cd32,Rp,"3,8",Miliar,Rumah Bagus Asri Luas 2 Lantai Dalam Cluster Harga Nego,"Kota Wisata, Bogor","Taman, Keamanan 24 jam,  Kolam Renang,  Taman, Jalur Telepon,  Track Lari,  CCTV, Masjid, Kitchen Set,  Akses Parkir,  Playground, Tempat Gym, Lapangan Tenis",5,3,220 m²,300 m²,,rumah,shm - sertifikat hak milik,,,2,,bagus,,,hos11286963,,,,,,,,,,1,1,,,,,,
https://www.rumah123.com/properti/bogor/hos11286956/#qid~af04e686-fd14-481d-bf77-d69add63cd32,Rp,"1,8",Miliar,"Rumah 2 Lantai, Jauh Dari Kebisingan di Bnr","Rangga Mekar, Bogor","Keamanan 24 jam, Taman",3,3,162 m²,170 m²,1,rumah,shm - sertifikat hak milik,2200 mah,,2,,bagus,unfurnished,,hos11286956,,,,,,,,,,,,,,,,,
https://www.rumah123.com/properti/bogor/hos11286896/#qid~af04e686-fd14-481d-bf77-d69add63cd32,Rp,"2,3",Miliar,"Sentul City,bogor","Sentul City, Bogor","Taman, Keamanan 24 jam,  One Gate System, Track Lari, Wastafel",3,2,299 m²,125 m²,1,rumah,"lainnya (ppjb,girik,adat,dll)",2200 mah,1,2,2016,bagus,unfurnished,tenggara,hos11286896,,,,,,,,,,1,1,,,,,,
https://www.rumah123.com/properti/bogor/hos11286894/#qid~af04e686-fd14-481d-bf77-d69add63cd32,Rp,"1,25",Miliar,"Sentul City,bogor","Sentul City, Bogor","Taman, Track Lari, Keamanan 24 jam,  One Gate System",3,2,144 m²,88 m²,1,rumah,shm - sertifikat hak milik,2200 mah,,1,2018,bagus,unfurnished,timur,hos11286894,,,,,,,,,,1,1,,,,,,
https://www.rumah123.com/properti/bogor/hos11286892/#qid~af04e686-fd14-481d-bf77-d69add63cd32,Rp,"4,5",Miliar,"Sentul City,bogor","Sentul City, Bogor","Taman, Keamanan 24 jam, Kitchen Set,  One Gate System, Track Lari, Wastafel",4,2,334 m²,350 m²,1,rumah,shm - sertifikat hak milik,5500 mah,2,2,2018,bagus,semi furnished,barat daya,hos11286892,,,,,,,,,,1,2,,,,,,
https://www.rumah123.com/properti/bogor/hos11286863/#qid~af04e686-fd14-481d-bf77-d69add63cd32,Rp,950,Juta,"Sentul City,bogor","Sentul City, Bogor","Taman, Track Lari, Keamanan 24 jam,  One Gate System",2,1,108 m²,50 m²,1,rumah,shm - sertifikat hak milik,3500 mah,,1,2018,bagus,unfurnished,barat,hos11286863,,,,,,,,,,,,,,,,,
https://www.rumah123.com/properti/bogor/hos11286854/#qid~2f3cedbc-699c-400d-9812-3b18e40d2b4c,Rp,5,Miliar,"Sentul City,bogor","Sentul City, Bogor","Taman, Keamanan 24 jam,  One Gate System, Track Lari, Wastafel",4,3,396 m²,299 m²,2,rumah,hgb - hak guna bangunan,4400 mah,,2,2019,bagus,unfurnished,,hos11286854,,,,,,,,,,1,1,,,,,,
https://www.rumah123.com/properti/bogor/hos11286851/#qid~2f3cedbc-699c-400d-9812-3b18e40d2b4c,Rp,1,Miliar,Sentul City Bogor,"Sentul City, Bogor","Taman, Track Lari, Keamanan 24 jam,  One Gate System",2,1,150 m²,63 m²,1,rumah,shm - sertifikat hak milik,1300 mah,,1,2010,butuh renovasi,unfurnished,utara,hos11286851,,,,,,,,,,1,1,,,,,,
https://www.rumah123.com/properti/bogor/hos11286844/#qid~2f3cedbc-699c-400d-9812-3b18e40d2b4c,Rp,"3,5",Miliar,Sentul City Bogor,"Sentul City, Bogor","Taman, Keamanan 24 jam, Kitchen Set,  AC,  One Gate System, Track Lari, Wastafel",4,4,323 m²,500 m²,1,rumah,hgb - hak guna bangunan,4400 mah,1,2,2018,bagus,,timur,hos11286844,,,,,,,,,,1,1,,,,,,
https://www.rumah123.com/properti/bogor/hos11286843/#qid~2f3cedbc-699c-400d-9812-3b18e40d2b4c,Rp,280,Juta,Rumah Cantik di Pabuaran Harga Nego,"Bojong, Bogor",Tempat Jemuran,2,1,50 m²,40 m²,1,rumah,"lainnya (ppjb,girik,adat,dll)",1300 mah,,1,2022,bagus,unfurnished,barat,hos11286843,,,,,,,,,,,,,,,,,
https://www.rumah123.com/properti/bogor/hos11286767/#qid~2f3cedbc-699c-400d-9812-3b18e40d2b4c,Rp,"3,8",Miliar,Rumah Minimalis Modern Bagus 2 Lantai Siap Huni,"Cibubur, Bogor","Keamanan 24 jam,  Kolam Renang,  Taman, Jalur Telepon,  Track Lari,  CCTV, Masjid,  Akses Parkir,  Playground, Tempat Gym, Lapangan Tenis",4,2,230 m²,300 m²,,rumah,hgb - hak guna bangunan,,,2,,sudah renovasi,,,hos11286767,,,,,,,,,,,,,,,,,
https://www.rumah123.com/properti/bogor/hos11286752/#qid~2f3cedbc-699c-400d-9812-3b18e40d2b4c,Rp,"1,65",Miliar,"Sentul City,bogor","Sentul City, Bogor","Taman, Track Lari, Keamanan 24 jam,  One Gate System",3,2,84 m²,89 m²,1,rumah,"lainnya (ppjb,girik,adat,dll)",2200 mah,,3,2020,baru,unfurnished,timur laut,hos11286752,,,,,,,,,,1,1,,,,,,
https://www.rumah123.com/properti/bogor/hos11286745/#qid~2f3cedbc-699c-400d-9812-3b18e40d2b4c,Rp,945,Juta,"Sentul City,bogor","Sentul City, Bogor","Taman, Track Lari, Keamanan 24 jam,  One Gate System",3,1,90 m²,70 m²,1,rumah,shm - sertifikat hak milik,1300 mah,,1,2022,baru,unfurnished,selatan,hos11286745,,,,,,,,,,,,,,,,,
https://www.rumah123.com/properti/bogor/hos11286741/#qid~2f3cedbc-699c-400d-9812-3b18e40d2b4c,Rp,"1,15",Miliar,"Sentul City,bogor","Sentul City, Bogor","Taman, Keamanan 24 jam, AC,  One Gate System, Track Lari, Wastafel",3,2,90 m²,150 m²,1,rumah,shm - sertifikat hak milik,4400 mah,,2,2018,bagus,unfurnished,utara,hos11286741,,,,,,,,,,,,,,,,,
https://www.rumah123.com/properti/bogor/hos11286649/#qid~2f3cedbc-699c-400d-9812-3b18e40d2b4c,Rp,285,Juta,All in 2 juta Perumahan walikota jaksel Ciseeng parung Bogor,"Ciseeng, Bogor",Keamanan,2,1,66 m²,45 m²,1,rumah,shm - sertifikat hak milik,1300 mah,1,1,,baru,unfurnished,,hos11286649,,,,,,,,,,,,,,,,,
https://www.rumah123.com/properti/bogor/hos11286653/#qid~2f3cedbc-699c-400d-9812-3b18e40d2b4c,Rp,790,Juta,"Rumah 2 Lantai Nyaman Terawat di Puri Artha Sentosa, Bojong Gede","Bojong Gede, Bogor","Taman, Keamanan 24 jam,  Taman, Jalur Telepon, Masjid",4,4,150 m²,147 m²,1,rumah,shm - sertifikat hak milik,6600 mah,,2,,bagus,,,hos11286653,,,,,,,,,,,,,,,,,
https://www.rumah123.com/properti/bogor/hos11286602/#qid~2f3cedbc-699c-400d-9812-3b18e40d2b4c,Rp,"4,5",Miliar,"Sentul City,bogor","Sentul City, Bogor","Taman, Track Lari, Keamanan 24 jam,  One Gate System",3,2,575 m²,200 m²,2,rumah,"lainnya (ppjb,girik,adat,dll)",2200 mah,,1,2010,butuh renovasi,,selatan,hos11286602,,,,,,,,,,1,1,,,,,,
https://www.rumah123.com/properti/bogor/hos11286601/#qid~2f3cedbc-699c-400d-9812-3b18e40d2b4c,Rp,"7,5",Miliar,"Sentul City,bogor","Sentul City, Bogor","Taman, Keamanan 24 jam, Kolam Renang,  One Gate System, Track Lari",4,3,340 m²,400 m²,2,rumah,hgb - hak guna bangunan,5500 mah,2,2,2022,baru,unfurnished,timur laut,hos11286601,,,,,,,,,,2,1,,,,,,
https://www.rumah123.com/properti/bogor/hos11286578/#qid~2f3cedbc-699c-400d-9812-3b18e40d2b4c,Rp,7,Miliar,"Sentul City,bogor","Sentul City, Bogor","Taman, Keamanan 24 jam, Kolam Renang,  One Gate System, Track Lari, Wastafel",4,5,313 m²,360 m²,2,rumah,hgb - hak guna bangunan,5500 mah,2,2,2022,baru,unfurnished,timur laut,hos11286578,,,,,,,,,,2,1,,,,,,
https://www.rumah123.com/properti/bogor/hos11286572/#qid~2f3cedbc-699c-400d-9812-3b18e40d2b4c,Rp,"11,5",Miliar,New House Sentul City Bogor,"Sentul City, Bogor","Taman, Keamanan 24 jam, Kolam Renang,  One Gate System, Track Lari, Wastafel",4,5,518 m²,515 m²,2,rumah,hgb - hak guna bangunan,5500 mah,2,2,2022,baru,,timur,hos11286572,,,,,,,,,,2,1,,,,,,
https://www.rumah123.com/properti/bogor/hos11286485/#qid~2f3cedbc-699c-400d-9812-3b18e40d2b4c,Rp,400,Juta,Rumah siap huni di gaperi/bojong depok baru 2,"Cibinong, Bogor"," Kolam Renang, Taman,  Taman,  Masjid, Jalur Telepon,  Lapangan Basket,  Lapangan Voli,  Track Lari,  Lapangan Bulu Tangkis,  Tempat Gym,  Keamanan, Lapangan Bola, Tempat Jemuran,  Jogging Track, Lapangan Tenis",2,1,61 m²,40 m²,1,rumah,shm - sertifikat hak milik,1300 mah,,1,2012,bagus,unfurnished,timur,hos11286485,,,,,,,,,,,,,,,,,
https://www.rumah123.com/properti/bogor/hos11286485/#qid~f7433623-ddd3-491c-a4da-cb682b885013,Rp,400,Juta,Rumah siap huni di gaperi/bojong depok baru 2,"Cibinong, Bogor"," Kolam Renang, Taman,  Taman,  Masjid, Jalur Telepon,  Lapangan Basket,  Lapangan Voli,  Track Lari,  Lapangan Bulu Tangkis,  Tempat Gym,  Keamanan, Lapangan Bola, Tempat Jemuran,  Jogging Track, Lapangan Tenis",2,1,61 m²,40 m²,1,rumah,shm - sertifikat hak milik,1300 mah,,1,2012,bagus,unfurnished,timur,hos11286485,,,,,,,,,,,,,,,,,
https://www.rumah123.com/properti/bogor/hos11286355/#qid~f7433623-ddd3-491c-a4da-cb682b885013,Rp,325,Juta,"RUMAH DIJUAL MURAH BISA CASH ATAU KPR FASILITAS LENGKAP, LINGKUNGAN ASRI, AMAN, NYAMAN, FULL RENOVASI","Cileungsi, Bogor"," Track Lari,  Lapangan Bulu Tangkis, Lapangan Tenis,  Tempat Laundry,  Masjid,  Lapangan Basket,  CCTV, Masjid,  One Gate System, Kolam Renang,  Playground, Lapangan Bola,  Jogging Track, Taman, Keamanan 24 jam,  Kolam Renang,  Taman,  Lapangan Voli,  Akses Parkir,  Tempat Gym,  Keamanan",2,1,72 m²,60 m²,1,rumah,hgb - hak guna bangunan,1300 mah,1,1,2022,baru,unfurnished,timur,hos11286355,,,,,,,,,,,,,,,,,
https://www.rumah123.com/properti/bogor/hos11286367/#qid~f7433623-ddd3-491c-a4da-cb682b885013,Rp,"3,3",Miliar,"Rumah Dekat Tol Jagorawi, Tengah Kota di Bogor Baru","Tegal Gundi, Bogor",Kitchen Set,4,3,351 m²,150 m²,1,rumah,shm - sertifikat hak milik,3300 mah,,2,,bagus,unfurnished,timur,hos11286367,,,,,,,,,,1,1,,,,,,
https://www.rumah123.com/properti/bogor/hos11286310/#qid~f7433623-ddd3-491c-a4da-cb682b885013,Rp,"1,09",Miliar,Rumah siap huni cukup bayar 5 jt all in lokasi dekat stasiun,"Gunung Sindur, Bogor"," Pemanas Air, Jalur Telepon,  Track Lari,  Jalur Telepon,  Kolam Ikan,  Kitchen Set, Keamanan, Lapangan Tenis,  Masjid,  Mesin Cuci,  CCTV, Kulkas, Tempat Gym, Wastafel, Kolam Renang,  Jogging Track,  Kolam Renang,  Taman,  AC,  Ac, Tempat Jemuran",3,2,65 m²,87 m²,,rumah,shm - sertifikat hak milik,2200 mah,,2,2022,baru,unfurnished,selatan,hos11286310,,,,,,,,,,,,,,,,,
https://www.rumah123.com/properti/bogor/hos11286332/#qid~f7433623-ddd3-491c-a4da-cb682b885013,Rp,570,Juta,Dijual Cepat Rumah Lokasi Bagus Dan Sangat Strategis Di Bogor,"Gunung Sindur, Bogor",Keamanan 24 jam,3,2,90 m²,80 m²,,rumah,shm - sertifikat hak milik,1300 mah,,1,,bagus,,,hos11286332,,,,,,,,,,,,,,,,,
https://www.rumah123.com/properti/bogor/hos11286283/#qid~f7433623-ddd3-491c-a4da-cb682b885013,Rp,"2,9",Miliar,Hunian Cantik Full Furnish Siap Huni di Legenda Wisata Cibubur,"Legenda Wisata, Bogor","Keamanan 24 jam,  Kolam Renang,  Taman, Jalur Telepon,  CCTV, Masjid, Kitchen Set,  AC,  Akses Parkir,  Playground, Wastafel,  One Gate System, Tempat Jemuran,  Tempat Laundry",4,4,180 m²,180 m²,2,rumah,shm - sertifikat hak milik,,,2,,bagus,furnished,,hos11286283,,,,,,,,,,1,1,,,,,,
https://www.rumah123.com/properti/bogor/hos11286267/#qid~f7433623-ddd3-491c-a4da-cb682b885013,Rp,550,Juta,Rumah Hoek luas 132m Full Renovasi 3 kamar tidur,"Jonggol, Bogor"," Kolam Renang,  Taman,  Masjid,  Lapangan Basket,  Track Lari,  Lapangan Voli,  Lapangan Bulu Tangkis, Jogging Track,  Tempat Gym, Wastafel, Lapangan Bola, Tempat Jemuran, Keamanan, Lapangan Tenis",3,2,132 m²,100 m²,,rumah,hgb - hak guna bangunan,1300 mah,,1,,bagus,unfurnished,selatan,hos11286267,,,,,,,,,,,,,,,,,
https://www.rumah123.com/properti/bogor/hos11286264/#qid~f7433623-ddd3-491c-a4da-cb682b885013,Rp,975,Juta,"3 Bedrooms Rumah Bogor Utara, Bogor, Jawa Barat","Tanah Baru, Bogor","Tempat Jemuran, Jalur Telepon, AC",3,2,148 m²,140 m²,2,rumah,shm - sertifikat hak milik,2200 mah,,2,,sudah renovasi,unfurnished,utara,hos11286264,,,,,,,,,,,,,,,,,
https://www.rumah123.com/properti/bogor/hos11275957/#qid~f7433623-ddd3-491c-a4da-cb682b885013,Rp,7,Miliar,Classic House + Swimming Pool Sentul City Bogor,"Sentul City, Bogor","Keamanan 24 jam, Taman, Kolam Renang,  One Gate System, Track Lari, Wastafel",4,5,313 m²,360 m²,2,rumah,hgb - hak guna bangunan,5500 mah,2,2,2022,baru,unfurnished,timur laut,hos11275957,,,,,,,,,,2,1,,,,,,
https://www.rumah123.com/properti/bogor/hos11275953/#qid~f7433623-ddd3-491c-a4da-cb682b885013,Rp,"11,5",Miliar,"Sentul City,bogor","Sentul City, Bogor","Keamanan 24 jam, Taman, Kolam Renang,  One Gate System, Track Lari, Wastafel",4,5,518 m²,515 m²,2,rumah,hgb - hak guna bangunan,5500 mah,2,2,2022,baru,unfurnished,timur,hos11275953,,,,,,,,,,2,1,,,,,,
https://www.rumah123.com/properti/bogor/hos11275961/#qid~f7433623-ddd3-491c-a4da-cb682b885013,Rp,"7,5",Miliar,Modern Classic House Sentul City Bogor,"Sentul City, Bogor","Keamanan 24 jam, Taman, Kolam Renang,  One Gate System, Track Lari, Wastafel",,,,,,rumah,,,,,,,,,hos11275961,4,4,340 m²,400 m²,hgb - hak guna bangunan,5500 mah,2,baru,unfurnished,,,2,1,2,2,2022,timur laut
https://www.rumah123.com/properti/bogor/hos11286138/#qid~f7433623-ddd3-491c-a4da-cb682b885013,Rp,"1,05",Miliar,Dijual cepat dan murah rumah siap huni di Batutulis Bogor,"Batutulis, Bogor","AC, Ac",2,1,115 m²,95 m²,,rumah,shm - sertifikat hak milik,2200 mah,,1,,bagus,unfurnished,,hos11286138,,,,,,,,,,,,,,,,,
https://www.rumah123.com/properti/bogor/hos11286057/#qid~f7433623-ddd3-491c-a4da-cb682b885013,Rp,"3,8",Miliar,Rumah Bagus 2 Lantai Asri Dalam Cluster Harga Nego,"Kota Wisata, Bogor","Taman, Keamanan 24 jam,  Kolam Renang,  Taman, Jalur Telepon,  Track Lari,  CCTV, Masjid, Kitchen Set,  Akses Parkir,  Playground, Tempat Gym, Lapangan Tenis",5,3,220 m²,300 m²,,rumah,shm - sertifikat hak milik,,,2,,bagus,,,hos11286057,,,,,,,,,,1,1,,,,,,
https://www.rumah123.com/properti/bogor/hos11285856/#qid~f7433623-ddd3-491c-a4da-cb682b885013,Rp,"1,45",Miliar,Rumah Metland Transyogi,"Cileungsi, Bogor","Jalur Telepon,  Track Lari,  Lapangan Bulu Tangkis, Lapangan Tenis,  Tempat Laundry,  Lapangan Basket,  CCTV, Masjid,  One Gate System,  Playground, Lapangan Bola, Keamanan 24 jam,  Kolam Renang,  Taman,  Lapangan Voli,  Akses Parkir, AC,  Tempat Gym, Tempat Jemuran",3,2,105 m²,100 m²,1,rumah,shm - sertifikat hak milik,2200 mah,,2,,bagus,semi furnished,,hos11285856,,,,,,,,,,,,,,,,,
https://www.rumah123.com/properti/bogor/hos11285771/#qid~f7433623-ddd3-491c-a4da-cb682b885013,Rp,"2,9",Miliar,Jual rumah view best  di Sentul city,"Sentul City, Bogor","Jalur Telepon,  Track Lari,  Lapangan Bulu Tangkis, Keamanan, Lapangan Tenis,  Tempat Laundry,  Masjid,  Lapangan Basket, Masjid,  One Gate System, Wastafel,  Playground, Lapangan Bola,  Jogging Track,  Kolam Renang, Keamanan 24 jam,  Taman,  Lapangan Voli,  Akses Parkir,  Tempat Gym, Tempat Jemuran",4,3,266 m²,400 m²,2,rumah,shm - sertifikat hak milik,2200 mah,,2,,butuh renovasi,unfurnished,,hos11285771,,,,,,,,,,2,1,,,,,,
