url,currency,price,price_unit_scale,title,address,facilities,k. tidur,k. mandi,l. tanah,l. bangunan,tipe properti,sertifikat,daya listrik,jumlah lantai,id iklan,kt. pembantu,km. pembantu,tahun dibangun,kondisi properti,carport,garasi,kondisi perabotan,hadap,bedrooms,bathrooms,land size,building size,carports,certificate,electricity,maid bedrooms,maid bathrooms,garages,floors,property condition,furnishing,building orientation
https://www.rumah123.com/properti/jakarta-barat/hos11351101/#qid~347266bb-2823-45c0-9172-42c380446204,Rp,"1,85",Miliar,"Chandra Rumah Uk 4,5x19m Harga Murah di Jelambar","Jelambar, Jakarta Barat",Jalur Telepon,3,3,84 m²,189 m²,rumah,hgb - hak guna bangunan,5500 mah,3,hos11351101,,,,,,,,,,,,,,,,,,,,,,
https://www.rumah123.com/properti/jakarta-barat/hos11351756/#qid~347266bb-2823-45c0-9172-42c380446204,Rp,"6,8",Miliar,Chandra Rumah 2 Lantai Uk 12.5x20.5m Lokasi Bagus Komplek Kavling Polri,"Jelambar, Jakarta Barat",Jalur Telepon,4,3,260 m²,387 m²,rumah,shm - sertifikat hak milik,5500 mah,2,hos11351756,1,1,2019,bagus,,,,,,,,,,,,,,,,,,
https://www.rumah123.com/properti/jakarta-barat/hos11351705/#qid~347266bb-2823-45c0-9172-42c380446204,Rp,"1,65",Miliar,Chandra Rumah Baru 3.5 Lantai Uk 4x15m Hadap Timur di Jelambar,"Jelambar, Jakarta Barat",Jalur Telepon,3,3,60 m²,132 m²,rumah,shm - sertifikat hak milik,2200 mah,3,hos11351705,,,2022,bagus,,,,,,,,,,,,,,,,,,
https://www.rumah123.com/properti/jakarta-selatan/hos10107882/#qid~347266bb-2823-45c0-9172-42c380446204,Rp,"1,71",Miliar,RUMAH CANTIK DEKAT AKSES TOLL,"Jagakarsa, Jakarta Selatan"," AC,  Jogging Track,  Ac,  Kolam Renang, Jalur Telepon, Keamanan 24 jam, Kitchen Set, Masjid,  Jalur Telepon,  CCTV, Track Lari, Wastafel, Keamanan, Tempat Jemuran,  Taman",3,3,80 m²,130 m²,rumah,shm - sertifikat hak milik,2200 mah,2,hos10107882,1,1,2022,baru,1,1,semi furnished,utara,,,,,,,,,,,,,,
https://www.rumah123.com/properti/jakarta-selatan/hos11355709/#qid~347266bb-2823-45c0-9172-42c380446204,Rp,"1,3",Miliar,Rumah 2 Lantai Dibelakang Mall Bintaro Plaza Dan Dekat Tol,"Bintaro, Jakarta Selatan","Taman,  Kolam Renang, Keamanan 24 jam, AC,  One Gate System, Masjid,  CCTV, Track Lari, Wastafel,  Playground, Lapangan Basket,  Taman",3,2,60 m²,62 m²,rumah,hgb - hak guna bangunan,2200 mah,2,hos11355709,,,2022,bagus,2,,semi furnished,,,,,,,,,,,,,,,
https://www.rumah123.com/properti/jakarta-selatan/hos10697193/#qid~347266bb-2823-45c0-9172-42c380446204,Rp,"1,95",Miliar,RUMAH BARU DI JAGAKARSA  DALAM KOMPLEK PINGGIR JLN 5MENIT STASIUN KERETA API LENTENG AGUNG DAN 4MENIT TOL CICAGO GERBANG TOLL BRIGIF,"Jagakarsa, Jakarta Selatan","Kolam Renang, Taman,  Kolam Renang,  Keamanan,  Ac, Keamanan 24 jam, AC",4,4,95 m²,150 m²,rumah,shm - sertifikat hak milik,2200 mah,2,hos10697193,,,2022,baru,2,,semi furnished,selatan,,,,,,,,,,,,,,
https://www.rumah123.com/properti/jakarta-selatan/hos7010634/#qid~347266bb-2823-45c0-9172-42c380446204,Rp,"2,3",Miliar,RUMAH SIAP HUNI DEKET KE CILANDAK✓  RAGUNAN✓KEBAGUSAN ✓3MENIT KE TOL CICAGO KE GERBANG TOL BRIGIF,"Jagakarsa, Jakarta Selatan","AC, Ac, Keamanan 24 jam, Keamanan",4,4,121 m²,180 m²,rumah,shm - sertifikat hak milik,2200 mah,2,hos7010634,,,2020,,,2,semi furnished,barat,,,,,,,,,,,,,,
https://www.rumah123.com/properti/jakarta-selatan/hos10941017/#qid~347266bb-2823-45c0-9172-42c380446204,Rp,"2,4",Miliar,RUMAH HARGA NEGO DI JAGAKARSA jalan Mochamad kahfi1 Jagakarsa,"Jagakarsa, Jakarta Selatan","Ac, AC",4,4,113 m²,160 m²,rumah,shm - sertifikat hak milik,2200 mah,2,hos10941017,,,2022,baru,2,2,semi furnished,timur,,,,,,,,,,,,,,
https://www.rumah123.com/properti/jakarta-selatan/hos10059115/#qid~347266bb-2823-45c0-9172-42c380446204,Rp,"1,55",Miliar,RUMAH CLUSTER DEKAT AKSES TOLL,"Jagakarsa, Jakarta Selatan"," Jogging Track,  Track Lari,  One Gate System,  Masjid,  Keamanan,  Akses Parkir, Keamanan 24 jam, Masjid,  Jalur Telepon, Lapangan Voli, CCTV, Tempat Jemuran, Ac, Lapangan Bola,  Taman,  AC,  Tempat Gym, Jalur Telepon, Kitchen Set,  CCTV, Wastafel,  Playground",3,3,70 m²,120 m²,rumah,shm - sertifikat hak milik,2200 mah,2,hos10059115,,,2022,baru,,1,semi furnished,utara,,,,,,,,,,,,,,
https://www.rumah123.com/properti/jakarta-selatan/hos10849554/#qid~347266bb-2823-45c0-9172-42c380446204,Rp,695,Juta,"RUMAH MURAH, DEKAT CILANDAK AKSES MOTOR","Jagakarsa, Jakarta Selatan"," Keamanan, Keamanan 24 jam, AC, Masjid,  Masjid, Ac, Jogging Track, Track Lari, Wastafel, Tempat Jemuran,  Taman",2,2,40 m²,80 m²,rumah,shm - sertifikat hak milik,2200 mah,2,hos10849554,,,2022,baru,1,,unfurnished,utara,,,,,,,,,,,,,,
https://www.rumah123.com/properti/jakarta-selatan/hos11327520/#qid~347266bb-2823-45c0-9172-42c380446204,Rp,4,Miliar,"RUMAH BARU 3 LANTAI + ROFFTOP BANYAK BONUS, SANGAT MEWAH DALAM CLUSTER BESAR, AKSES LUAS DEKAT TOLL JORR JAKARTA SELATAN","Kebagusan, Jakarta Selatan"," Jogging Track,  Track Lari,  Masjid,  Pemanas Air, Kulkas,  Mesin Cuci,  Kolam Renang,  Keamanan,  Jalur Telepon, CCTV, Tempat Jemuran,  Lapangan Voli, Ac,  Kitchen Set, Lapangan Bola,  Lapangan Basket, Lapangan Tenis,  Taman,  AC,  Tempat Gym, Jalur Telepon,  CCTV,  Lapangan Bulu Tangkis, Wastafel,  Kolam Ikan",6,6,128 m²,270 m²,rumah,shm - sertifikat hak milik,5500 mah,3,hos11327520,1,2,2022,baru,2,3,semi furnished,selatan,,,,,,,,,,,,,,
https://www.rumah123.com/properti/jakarta-utara/hos11351396/#qid~347266bb-2823-45c0-9172-42c380446204,Rp,29,Miliar,"Rumah Mewah Pantai Indah Kapuk, Siap Huni","Pantai Indah Kapuk, Jakarta Utara"," AC,  Kolam Renang, Jalur Telepon, Keamanan 24 jam,  One Gate System, Akses Parkir, Kitchen Set,  CCTV, Wastafel,  Playground, Tempat Jemuran,  Taman",4,4,450 m²,850 m²,rumah,shm - sertifikat hak milik,8000 mah,3,hos11351396,1,2,2010,bagus,2,2,semi furnished,,,,,,,,,,,,,,,
https://www.rumah123.com/properti/jakarta-barat/hos11352875/#qid~347266bb-2823-45c0-9172-42c380446204,Rp,"6,9",Miliar,Dijual Rumah Furnish Bagus Komplek Green Ville Samping Taman,"Green Ville, Jakarta Barat","Jalur Telepon, Tempat Jemuran,  Taman,  Kolam Ikan",3,4,260 m²,500 m²,rumah,shm - sertifikat hak milik,3500 mah,3,hos11352875,1,1,,bagus,2,2,furnished,barat,,,,,,,,,,,,,,
https://www.rumah123.com/properti/jakarta-barat/hos10210092/#qid~7a8ea572-c6d8-4a20-9030-cfd60d8b46b9,Rp,"5,5",Miliar,ANDRE TJHIA Puri Indah Rumah Modern Classic Lokasi Premium Harga Nego,"Puri Indah, Jakarta Barat","Jogging Track, Taman,  Keamanan",4,2,204 m²,200 m²,rumah,shm - sertifikat hak milik,,2,hos10210092,,,2022,bagus sekali,4,,semi furnished,,,,,,,,,,,,,,,
https://www.rumah123.com/properti/jakarta-selatan/hos11349430/#qid~7a8ea572-c6d8-4a20-9030-cfd60d8b46b9,Rp,"2,64",Miliar,Rumah Modern Siap Kpr di Pomentia Residence Dekat Fatmawati Harga All In,"Jagakarsa, Jakarta Selatan","Tempat Jemuran, Keamanan 24 jam, Taman",4,4,110 m²,140 m²,rumah,shm - sertifikat hak milik,2200 mah,2,hos11349430,1,,,bagus,1,,unfurnished,,,,,,,,,,,,,,,
https://www.rumah123.com/properti/jakarta-barat/hos11351141/#qid~7a8ea572-c6d8-4a20-9030-cfd60d8b46b9,Rp,"3,2",Miliar,Meruya Ilir Ukuran 10x15 Dkt Kebon Jeruk Rumah Bagus Depan Taman Bagus,"Kembangan, Jakarta Barat","Taman, Keamanan 24 jam,  One Gate System, Akses Parkir, Track Lari, Tempat Jemuran,  Taman",6,5,150 m²,200 m²,rumah,shm - sertifikat hak milik,2200 mah,2,hos11351141,,,,bagus,3,,,,,,,,,,,,,,,,,
https://www.rumah123.com/properti/jakarta-utara/hos11351341/#qid~7a8ea572-c6d8-4a20-9030-cfd60d8b46b9,Rp,"7,7",Miliar,Rumah Pik Classic 200m Siap Huni Murah!!,"Pantai Indah Kapuk, Jakarta Utara","Keamanan 24 jam, Taman, Keamanan",4,3,200 m²,400 m²,rumah,shm - sertifikat hak milik,4400 mah,3,hos11351341,1,1,2015,bagus,,,semi furnished,,,,,,,,,,,,,,,
https://www.rumah123.com/properti/jakarta-selatan/hos11348364/#qid~7a8ea572-c6d8-4a20-9030-cfd60d8b46b9,Rp,"6,25",Miliar,Rumah Bagus Furnished Dalam Komplek Permata Hijau Harga Menarik,"Permata Hijau, Jakarta Selatan"," Mesin Cuci, Taman,  AC,  Jogging Track, Keamanan 24 jam,  One Gate System, Akses Parkir, Ac, Track Lari,  Kitchen Set, Keamanan,  Pemanas Air, Tempat Jemuran, Kulkas, Wastafel,  Taman",2,2,175 m²,185 m²,rumah,shm - sertifikat hak milik,5500 mah,2,hos11348364,1,1,2015,bagus,2,,furnished,utara,,,,,,,,,,,,,,
https://www.rumah123.com/properti/jakarta-selatan/hos11348664/#qid~7a8ea572-c6d8-4a20-9030-cfd60d8b46b9,Rp,"8,9",Miliar,Rumah Bagus Terawat Harga Bagus Dalam Komplek Bintaro Sektor 2,"Bintaro, Jakarta Selatan","Taman,  Jogging Track,  Keamanan, Keamanan 24 jam, AC,  One Gate System, Akses Parkir, Ac, Track Lari, Wastafel, Tempat Jemuran,  Taman",5,3,600 m²,550 m²,rumah,shm - sertifikat hak milik,7700 mah,2,hos11348664,2,1,1996,bagus,2,2,semi furnished,barat daya,,,,,,,,,,,,,,
https://www.rumah123.com/properti/jakarta-barat/hos9626007/#qid~7a8ea572-c6d8-4a20-9030-cfd60d8b46b9,Rp,"1,75",Miliar,Andre Tjhia Rumah Bangunan Baru Meruya Ilir 5 Menit Dr Puri Indah,"Puri Indah, Jakarta Barat",Ac,3,4,64 m²,140 m²,rumah,,3500 mah,3,hos9626007,1,1,,,,,,,,,,,,,,,,,,,,
https://www.rumah123.com/properti/jakarta-barat/hos10870105/#qid~7a8ea572-c6d8-4a20-9030-cfd60d8b46b9,Rp,"1,75",Miliar,Andre Tjhia Rumah Bangunan Baru Meruya Ilir 5 Menit Dr Puri Indah,"Meruya, Jakarta Barat","Jogging Track,  Taman, Keamanan",3,4,64 m²,140 m²,rumah,,3500 mah,3,hos10870105,1,1,2022,baru,2,,unfurnished,,,,,,,,,,,,,,,
https://www.rumah123.com/properti/jakarta-utara/hos11046352/#qid~7a8ea572-c6d8-4a20-9030-cfd60d8b46b9,Rp,28,Miliar,Rumah PIK Garden House Brandnew American Klasik Baguss,"Pantai Indah Kapuk, Jakarta Utara","Taman, Keamanan",4,3,400 m²,700 m²,rumah,,4400 mah,3,hos11046352,1,1,2019,bagus sekali,2,1,unfurnished,selatan,,,,,,,,,,,,,,
https://www.rumah123.com/properti/jakarta-timur/hos8642770/#qid~7a8ea572-c6d8-4a20-9030-cfd60d8b46b9,Rp,408,Juta,Rumah murah 2 lantai di utan kayu jakarta timur,"Utan Kayu, Jakarta Timur","Taman, Keamanan 24 jam,  One Gate System, Keamanan, CCTV,  Taman",2,1,18 m²,35 m²,rumah,shm - sertifikat hak milik,2200 mah,2,hos8642770,,,2022,baru,,,unfurnished,barat,,,,,,,,,,,,,,
https://www.rumah123.com/properti/jakarta-selatan/hos11080079/#qid~7a8ea572-c6d8-4a20-9030-cfd60d8b46b9,Rp,"4,5",Miliar,RUMAH MEWAH MURAH MODERN CLASSIC DI JAGAKARSA,"Jagakarsa, Jakarta Selatan","Kolam Renang, Taman",4,4,168 m²,230 m²,rumah,shm - sertifikat hak milik,3300 mah,3,hos11080079,1,1,2022,baru,1,2,unfurnished,,,,,,,,,,,,,,,
https://www.rumah123.com/properti/jakarta-barat/hos11279684/#qid~7a8ea572-c6d8-4a20-9030-cfd60d8b46b9,Rp,"2,4",Miliar,Chandra Rumah Uk 5x18m Lokasi Bagus di Jelambar,"Jelambar, Jakarta Barat",Tempat Jemuran,5,4,89 m²,227 m²,rumah,shm - sertifikat hak milik,,3,hos11279684,,,,bagus,,,,,,,,,,,,,,,,,,
https://www.rumah123.com/properti/jakarta-barat/hos11279697/#qid~7a8ea572-c6d8-4a20-9030-cfd60d8b46b9,Rp,"3,55",Miliar,Dhyana Rumah 2lt Uk 7x16m di Komplek Kavling Polri,"Jelambar, Jakarta Barat",Tempat Jemuran,4,2,112 m²,160 m²,rumah,shm - sertifikat hak milik,,2,hos11279697,,,,bagus,,,,,,,,,,,,,,,,,,
https://www.rumah123.com/properti/jakarta-barat/hos11279752/#qid~7a8ea572-c6d8-4a20-9030-cfd60d8b46b9,Rp,"2,4",Miliar,"Dhyana Rumah Uk 6x14m di Komplek Dutasquare, Dutamas","Jelambar, Jakarta Barat",Tempat Jemuran,5,2,84 m²,144 m²,rumah,shm - sertifikat hak milik,,3,hos11279752,,,,bagus,,,,,,,,,,,,,,,,,,
https://www.rumah123.com/properti/jakarta-barat/hos11275630/#qid~6ae299a9-a659-44a9-b6d8-e8a4a618330a,Rp,"3,55",Miliar,Dhyana Rumah 2 Lantai Uk 6x20m di Komplek Kavling Polri,"Jelambar, Jakarta Barat",Jalur Telepon,3,2,120 m²,200 m²,rumah,shm - sertifikat hak milik,3500 mah,2,hos11275630,1,,,bagus,,,,,,,,,,,,,,,,,,
https://www.rumah123.com/properti/jakarta-barat/hos11270785/#qid~6ae299a9-a659-44a9-b6d8-e8a4a618330a,Rp,"1,4",Miliar,Rumah di Green Lake City termurah ukuran 4x15 cluster Amerika,"Green Lake City, Jakarta Barat","Taman,  Kolam Renang,  Jogging Track, Jalur Telepon,  Keamanan, Keamanan 24 jam, AC, Ac, Track Lari,  Taman",2,2,60 m²,87 m²,rumah,hgb - hak guna bangunan,4400 mah,2,hos11270785,1,,2013,bagus,,,unfurnished,utara,,,,,,,,,,,,,,
https://www.rumah123.com/properti/jakarta-selatan/hos11267051/#qid~6ae299a9-a659-44a9-b6d8-e8a4a618330a,Rp,"4,9",Miliar,Rumah Terawat Luas Lingkungan Asri Di Kalibata.,"Kalibata, Jakarta Selatan","Taman, Keamanan 24 jam, Kitchen Set, Wastafel, Tempat Jemuran",5,3,210 m²,150 m²,rumah,shm - sertifikat hak milik,,1,hos11267051,,,,bagus,3,,unfurnished,,,,,,,,,,,,,,,
https://www.rumah123.com/properti/jakarta-timur/hos10892024/#qid~6ae299a9-a659-44a9-b6d8-e8a4a618330a,Rp,"1,6",Miliar,Rumah Brand New di Cluster Shinano Jgc Cakung Jakarta Timur,"Cakung, Jakarta Timur"," Kolam Renang, Taman, Keamanan",2,2,75 m²,67 m²,rumah,"lainnya (ppjb,girik,adat,dll)",2200 mah,2,hos10892024,,,,baru,,1,unfurnished,,,,,,,,,,,,,,,
https://www.rumah123.com/properti/jakarta-selatan/hos10964866/#qid~6ae299a9-a659-44a9-b6d8-e8a4a618330a,Rp,"23,1",Miliar,Termurah di area Cipete LT 1287/550 Harga 18 jt/m Jakarta Selatan,"Cipete, Jakarta Selatan","Jalur Telepon, Kolam Renang,  Taman,  Ac",4,3,1287 m²,550 m²,rumah,shm - sertifikat hak milik,7700 mah,1,hos10964866,2,1,1990,butuh renovasi,4,2,unfurnished,utara,,,,,,,,,,,,,,
https://www.rumah123.com/properti/jakarta-utara/hos11276559/#qid~6ae299a9-a659-44a9-b6d8-e8a4a618330a,Rp,18,Miliar,"Rumah Pantai Indah Kapuk 450m2. Renov, Lokasi Strategis Dekat Tol, Cluster Premium,siap Huni Harga Nego","Pantai Indah Kapuk, Jakarta Utara","Jalur Telepon, Keamanan 24 jam, Kitchen Set, One Gate System, Tempat Jemuran",5,3,450 m²,600 m²,rumah,shm - sertifikat hak milik,,3,hos11276559,1,1,,bagus,,,semi furnished,utara,,,,,,,,,,,,,,
https://www.rumah123.com/properti/jakarta-selatan/hos11275089/#qid~6ae299a9-a659-44a9-b6d8-e8a4a618330a,Rp,"7,39",Miliar,Rumah Murah di Cipete Dalam Komplek Lokasi Strategis,"Cipete, Jakarta Selatan","Taman, Keamanan 24 jam, AC,  CCTV, Tempat Jemuran,  Kolam Ikan",4,3,336 m²,250 m²,rumah,shm - sertifikat hak milik,4400 mah,2,hos11275089,1,1,2000,bagus,2,2,unfurnished,barat,,,,,,,,,,,,,,
https://www.rumah123.com/properti/jakarta-selatan/hos11214632/#qid~6ae299a9-a659-44a9-b6d8-e8a4a618330a,Rp,"8,5",Miliar,Rumah di Kebayoran Baru Selangkah Ke Stasiun Mrt,"Kebayoran Baru, Jakarta Selatan","Ac, AC, Taman",4,2,240 m²,250 m²,rumah,shm - sertifikat hak milik,7700 mah,1,hos11214632,1,1,1980,butuh renovasi,3,1,unfurnished,timur,,,,,,,,,,,,,,
https://www.rumah123.com/properti/jakarta-selatan/hos11266750/#qid~6ae299a9-a659-44a9-b6d8-e8a4a618330a,Rp,"17,5",Miliar,"Rumah Hitung Tanah di Kemang, Jakarta Selatan Jalan Buntu","Kemang, Jakarta Selatan",One Gate System,4,4,725 m²,350 m²,rumah,shm - sertifikat hak milik,6600 mah,1,hos11266750,,,,bagus,,1,semi furnished,,,,,,,,,,,,,,,
https://www.rumah123.com/properti/jakarta-selatan/hos11274703/#qid~6ae299a9-a659-44a9-b6d8-e8a4a618330a,Rp,"3,2",Miliar,Hot Property Rumah Di Jalan Seram Komplek Megapolitan Cinere,"Cinere, Jakarta Selatan",Keamanan 24 jam,3,3,240 m²,280 m²,rumah,,2200 mah,2,hos11274703,1,1,,bagus,1,,unfurnished,,,,,,,,,,,,,,,
https://www.rumah123.com/properti/jakarta-utara/hos10576791/#qid~6ae299a9-a659-44a9-b6d8-e8a4a618330a,Rp,30,Miliar,"Dijual Rumah Mewah 543m2, Cluster Premium Pantai Indah Kapuk, Sangat Langka,harga Nego.","Pantai Indah Kapuk, Jakarta Utara","AC,  Taman, Keamanan",4,4,542 m²,1100 m²,rumah,shm - sertifikat hak milik,,1,hos10576791,1,,2015,bagus sekali,,,,timur laut,,,,,,,,,,,,,,
https://www.rumah123.com/properti/jakarta-utara/hos10534514/#qid~6ae299a9-a659-44a9-b6d8-e8a4a618330a,Rp,25,Miliar,"Rumah Mewah Di Pantai Indah Kapuk 785m2, Murah, Harga Nego !","Pantai Indah Kapuk, Jakarta Utara"," Jalur Telepon, AC, Taman",6,6,785 m²,839 m²,rumah,shm - sertifikat hak milik,,3,hos10534514,1,1,2012,bagus,,,semi furnished,utara,,,,,,,,,,,,,,
https://www.rumah123.com/properti/jakarta-selatan/hos9705934/#qid~6ae299a9-a659-44a9-b6d8-e8a4a618330a,Rp,"13,5",Miliar,Rumah modern siap huni di dalam komplek di daerah Kemang Dalam. Jarang ada,"Kemang, Jakarta Selatan","Kolam Renang, Taman,  Keamanan",4,3,392 m²,350 m²,rumah,shm - sertifikat hak milik,16500 mah,2,hos9705934,,,,bagus,,2,unfurnished,,,,,,,,,,,,,,,
https://www.rumah123.com/properti/jakarta-pusat/hos11274540/#qid~6ae299a9-a659-44a9-b6d8-e8a4a618330a,Rp,14,Miliar,Rumah Tua Murah Harga Bawah Njop Lepas Bu Cempaka Putih Raya,"Cempaka Putih, Jakarta Pusat","Tempat Jemuran, Taman, Masjid",6,3,600 m²,325 m²,rumah,,4400 mah,1,hos11274540,2,1,1995,butuh renovasi,2,2,unfurnished,utara,,,,,,,,,,,,,,
https://www.rumah123.com/properti/jakarta-timur/hos11274412/#qid~0b155e4a-0b02-4141-8d37-4c7bf7a39207,Rp,"2,45",Miliar,Rumah Hoek Murah 2 Lt Lepas Cepat Dan Bu Metland Cakung Jaktim,"Cakung, Jakarta Timur","Taman, Keamanan 24 jam,  One Gate System, Kitchen Set, Masjid, Wastafel, Lapangan Bulu Tangkis, Tempat Jemuran,  Taman",3,2,180 m²,100 m²,rumah,shm - sertifikat hak milik,2200 mah,2,hos11274412,,,2019,bagus,2,,unfurnished,selatan,,,,,,,,,,,,,,
https://www.rumah123.com/properti/jakarta-selatan/hos11270171/#qid~0b155e4a-0b02-4141-8d37-4c7bf7a39207,Rp,"4,1",Miliar,Jarang Ada Best Price 5 Mnt Mrt Cipete Belakang Citos Cilandak,"Cipete, Jakarta Selatan","Jalur Telepon, Keamanan 24 jam, Akses Parkir, Tempat Jemuran,  Taman",3,3,110 m²,220 m²,rumah,shm - sertifikat hak milik,5500 mah,3,hos11270171,1,1,2021,baru,1,1,,timur,,,,,,,,,,,,,,
https://www.rumah123.com/properti/jakarta-utara/hos11275084/#qid~0b155e4a-0b02-4141-8d37-4c7bf7a39207,Rp,10,Miliar,"Rumah Pantai Indah Kapuk, Pik 270m2, Marmer, Full Renov, Murah!","Pantai Indah Kapuk, Jakarta Utara","Jalur Telepon, Kitchen Set, Wastafel, Keamanan, Tempat Jemuran",6,5,270 m²,700 m²,rumah,shm - sertifikat hak milik,,3,hos11275084,1,1,,bagus,,,semi furnished,timur,,,,,,,,,,,,,,
https://www.rumah123.com/properti/jakarta-utara/hos11275011/#qid~0b155e4a-0b02-4141-8d37-4c7bf7a39207,Rp,23,Miliar,"Rumah 377m2 Pantai Indah Kapuk, Pik, Mewah, Marmer. Harga Nego.","Pantai Indah Kapuk, Jakarta Utara","Taman, Keamanan 24 jam, Kitchen Set, Wastafel, Tempat Jemuran",7,7,377 m²,1100 m²,rumah,shm - sertifikat hak milik,,3,hos11275011,1,1,,bagus,,,semi furnished,utara,,,,,,,,,,,,,,
https://www.rumah123.com/properti/jakarta-utara/hos11256865/#qid~0b155e4a-0b02-4141-8d37-4c7bf7a39207,Rp,12,Miliar,Rumah Golf Island Minimalis Full Renovasi,"Pantai Indah Kapuk, Jakarta Utara","Taman,  Keamanan, Jogging Track, Track Lari, Tempat Jemuran",3,3,300 m²,320 m²,rumah,"lainnya (ppjb,girik,adat,dll)",16500 mah,2,hos11256865,1,,,bagus,1,1,semi furnished,,,,,,,,,,,,,,,
https://www.rumah123.com/properti/jakarta-selatan/hos11272379/#qid~0b155e4a-0b02-4141-8d37-4c7bf7a39207,Rp,"13,9",Miliar,RUMAH BAGUS MEWAH MURAH DI AMPERA DEKAT KEMANG,"Ampera, Jakarta Selatan","Tempat Jemuran, Kolam Renang, Taman,  Taman",4,4,464 m²,640 m²,rumah,shm - sertifikat hak milik,5500 mah,2,hos11272379,1,1,,bagus,2,2,unfurnished,selatan,,,,,,,,,,,,,,
https://www.rumah123.com/properti/jakarta-selatan/hos11271600/#qid~0b155e4a-0b02-4141-8d37-4c7bf7a39207,Rp,13,Miliar,RUMAH BAGUS MEWAH MURAH DALAM KOMPLEK DI JATIPADANG PEJATEN,"Jati Padang, Jakarta Selatan","Taman, Keamanan 24 jam, Kitchen Set, Keamanan, One Gate System, Tempat Jemuran",5,5,928 m²,600 m²,rumah,shm - sertifikat hak milik,,2,hos11271600,3,1,,bagus,4,2,unfurnished,selatan,,,,,,,,,,,,,,
https://www.rumah123.com/properti/jakarta-barat/hos8640085/#qid~0b155e4a-0b02-4141-8d37-4c7bf7a39207,Rp,"4,8",Miliar,"Rumah Permata Buana - Ls Tanah 144 M2 , Minimalis , Masih Nego !","Permata Buana, Jakarta Barat","Taman,  Ac, Keamanan 24 jam, AC, Jogging Track, Track Lari, Keamanan,  Taman",3,3,144 m²,200 m²,rumah,shm - sertifikat hak milik,2200 mah,2,hos8640085,1,1,2013,bagus sekali,1,1,semi furnished,utara,,,,,,,,,,,,,,
https://www.rumah123.com/properti/jakarta-barat/hos11163222/#qid~0b155e4a-0b02-4141-8d37-4c7bf7a39207,Rp,"7,1",Miliar,Rumah Permata Buana Cluster Favorit Pulau Tidung Luas 265m2,"Permata Buana, Jakarta Barat","Jalur Telepon, Keamanan 24 jam,  One Gate System, Akses Parkir,  CCTV,  Playground, Tempat Jemuran,  Taman",7,4,265 m²,645 m²,rumah,shm - sertifikat hak milik,,3,hos11163222,2,1,,butuh renovasi,1,1,semi furnished,selatan,,,,,,,,,,,,,,
https://www.rumah123.com/properti/jakarta-barat/hos11172290/#qid~0b155e4a-0b02-4141-8d37-4c7bf7a39207,Rp,"6,2",Miliar,Dijual Rumah Minimalis Permata Buana Luas 144m2,"Permata Buana, Jakarta Barat","Jalur Telepon, Tempat Jemuran,  Taman",4,3,144 m²,300 m²,rumah,shm - sertifikat hak milik,,3,hos11172290,1,1,2015,bagus,1,2,semi furnished,selatan,,,,,,,,,,,,,,
https://www.rumah123.com/properti/jakarta-utara/hos10024569/#qid~0b155e4a-0b02-4141-8d37-4c7bf7a39207,Rp,"2,35",Miliar,"Termurah Rumah Minimalis PIK2 6X12.5, Cluster Terbaik","Pantai Indah Kapuk, Jakarta Utara","Taman,  Kolam Renang,  Keamanan, Jalur Telepon, Keamanan 24 jam, Jogging Track, Track Lari, Wastafel,  Taman",3,3,75 m²,98 m²,rumah,"lainnya (ppjb,girik,adat,dll)",4400 mah,2,hos10024569,1,1,2021,baru,2,,unfurnished,timur laut,,,,,,,,,,,,,,
https://www.rumah123.com/properti/jakarta-utara/hos10299938/#qid~0b155e4a-0b02-4141-8d37-4c7bf7a39207,Rp,25,Miliar,Rumah Mewah PIK Katamaran Permai 785m2 Hoek,"Pantai Indah Kapuk, Jakarta Utara","Kolam Renang, Taman,  Jogging Track,  Keamanan,  Ac, Jalur Telepon, AC,  Jalur Telepon,  CCTV, Track Lari, CCTV,  Taman",6,5,785 m²,839 m²,rumah,shm - sertifikat hak milik,16500 mah,2,hos10299938,2,1,,bagus sekali,2,2,semi furnished,selatan,,,,,,,,,,,,,,
https://www.rumah123.com/properti/jakarta-timur/hos10936756/#qid~0b155e4a-0b02-4141-8d37-4c7bf7a39207,Rp,"2,52",Miliar,Rumah Luas Siap Huni di Jatinegara Indah Cakung Siap Kpr Harga All In,"Cakung, Jakarta Timur","Taman, Keamanan",3,3,180 m²,115 m²,rumah,shm - sertifikat hak milik,5500 mah,1,hos10936756,,,,bagus,2,,unfurnished,,,,,,,,,,,,,,,
https://www.rumah123.com/properti/jakarta-selatan/hos10612828/#qid~0b155e4a-0b02-4141-8d37-4c7bf7a39207,Rp,"2,64",Miliar,Rumah Minimalis Modern Harga All In di Pomentia Residence Jagakarsa Bisa Kpr,"Jagakarsa, Jakarta Selatan","Taman, Keamanan",4,4,110 m²,140 m²,rumah,shm - sertifikat hak milik,2200 mah,2,hos10612828,1,,,bagus,,1,unfurnished,,,,,,,,,,,,,,,
https://www.rumah123.com/properti/jakarta-barat/hos10865063/#qid~0b155e4a-0b02-4141-8d37-4c7bf7a39207,Rp,800,Juta,rumah mewah di kebon jeruk,"Pos Pengumben, Jakarta Barat","Ac, Keamanan",3,3,52 m²,71 m²,rumah,shm - sertifikat hak milik,2200 mah,1,hos10865063,,,2022,baru,1,1,unfurnished,barat,,,,,,,,,,,,,,
https://www.rumah123.com/properti/jakarta-barat/hos10889081/#qid~0b155e4a-0b02-4141-8d37-4c7bf7a39207,Rp,"1,15",Miliar,Rumah modern dengan design klasik dijakarta barat,"Palmerah, Jakarta Barat","Keamanan, CCTV",2,2,33 m²,62 m²,rumah,shm - sertifikat hak milik,2200 mah,2,hos10889081,,,2022,baru,1,1,unfurnished,,,,,,,,,,,,,,,
https://www.rumah123.com/properti/jakarta-utara/hos11205018/#qid~0b155e4a-0b02-4141-8d37-4c7bf7a39207,Rp,10,Miliar,Axel Super Langka View Laut Townhouse Gandeng Pantai Mutiara,"Pantai Mutiara, Jakarta Utara",Keamanan 24 jam,9,,345 m²,700 m²,rumah,shm - sertifikat hak milik,,4,hos11205018,,,,bagus,,,,,,,,,,,,,,,,,,
https://www.rumah123.com/properti/jakarta-barat/hos11203961/#qid~1f9919b6-2578-4678-aa91-e24953424d5d,Rp,"10,5",Miliar,"Rumah Asri Bagus Strategis di Puri Indah Blok E,jakarta Barat.","Puri Indah, Jakarta Barat","Jalur Telepon, Taman",4,3,379 m²,300 m²,rumah,"lainnya (ppjb,girik,adat,dll)",4400 mah,2,hos11203961,1,1,,bagus,3,2,semi furnished,utara,,,,,,,,,,,,,,
https://www.rumah123.com/properti/jakarta-barat/hos10720102/#qid~1f9919b6-2578-4678-aa91-e24953424d5d,Rp,"2,6",Miliar,Rumah Siap Huni Di Metro Permata Dekat Kembangan Bisa Nego,"Kembangan, Jakarta Barat","Taman, Keamanan",4,3,117 m²,177 m²,rumah,shm - sertifikat hak milik,3500 mah,2,hos10720102,1,,,bagus,1,,unfurnished,,,,,,,,,,,,,,,
https://www.rumah123.com/properti/jakarta-utara/hos10447389/#qid~1f9919b6-2578-4678-aa91-e24953424d5d,Rp,"3,15",Miliar,Dijual Rumah Pik 2 Harga Dibawah Pasaran 8x12.5,"Pantai Indah Kapuk, Jakarta Utara"," Jogging Track,  Keamanan, Jalur Telepon,  Kolam Renang, Ac,  CCTV,  Taman",3,3,100 m²,150 m²,rumah,"lainnya (ppjb,girik,adat,dll)",4400 mah,2,hos10447389,1,1,,baru,1,1,unfurnished,,,,,,,,,,,,,,,
https://www.rumah123.com/properti/jakarta-barat/hos10120187/#qid~1f9919b6-2578-4678-aa91-e24953424d5d,Rp,"13,5",Miliar,Rumah Mewah Permata Buana Siap Huni - Bisa KPR,"Permata Buana, Jakarta Barat","Kolam Renang, Taman,  Kolam Renang,  Jogging Track, Jalur Telepon, Keamanan 24 jam, Track Lari, Keamanan,  Taman",4,3,230 m²,450 m²,rumah,shm - sertifikat hak milik,4400 mah,3,hos10120187,1,1,2018,bagus sekali,,,unfurnished,,,,,,,,,,,,,,,
https://www.rumah123.com/properti/jakarta-barat/hos11201897/#qid~1f9919b6-2578-4678-aa91-e24953424d5d,Rp,"2,4",Miliar,Dijual Rumah Puri Mansion Termurah 6 x 15,"Puri Mansion, Jakarta Barat","Tempat Jemuran, Wastafel, Keamanan",3,2,90 m²,108 m²,rumah,shm - sertifikat hak milik,2200 mah,2,hos11201897,1,1,2013,bagus,1,,unfurnished,,,,,,,,,,,,,,,
https://www.rumah123.com/properti/jakarta-selatan/hos11187035/#qid~1f9919b6-2578-4678-aa91-e24953424d5d,Rp,"15,5",Miliar,Kemang Ampera Rumah Cantik 1 Lantai Harga Dibawah Njop,"Ampera, Jakarta Selatan","Kolam Renang, Taman,  Kolam Renang, Keamanan 24 jam,  One Gate System, Akses Parkir",4,4,740 m²,340 m²,rumah,shm - sertifikat hak milik,10600 mah,1,hos11187035,1,1,2001,bagus,2,2,unfurnished,barat,,,,,,,,,,,,,,
https://www.rumah123.com/properti/jakarta-barat/hos11139786/#qid~1f9919b6-2578-4678-aa91-e24953424d5d,Rp,"2,6",Miliar,Dhyana Rumah Uk 5x15m Lokasi Bagus di Komplek Kavling Polri,"Jelambar, Jakarta Barat",Tempat Jemuran,4,3,75 m²,150 m²,rumah,shm - sertifikat hak milik,,1,hos11139786,,,,bagus,,,,,,,,,,,,,,,,,,
https://www.rumah123.com/properti/jakarta-barat/hos11139870/#qid~1f9919b6-2578-4678-aa91-e24953424d5d,Rp,"3,7",Miliar,Dhyana Rumah Uk 7x15m Bangunan Bagus di Komplek Kavling Polri,"Jelambar, Jakarta Barat",Tempat Jemuran,4,4,105 m²,196 m²,rumah,shm - sertifikat hak milik,,3,hos11139870,,,,bagus,,,,,,,,,,,,,,,,,,
https://www.rumah123.com/properti/jakarta-barat/hos11139899/#qid~1f9919b6-2578-4678-aa91-e24953424d5d,Rp,"2,2",Miliar,Dhyana Rumah Fullfurnish Uk 4x16m di Jelambar,"Jelambar, Jakarta Barat",Tempat Jemuran,4,3,64 m²,168 m²,rumah,shm - sertifikat hak milik,,3,hos11139899,,,,bagus,,,furnished,,,,,,,,,,,,,,,
https://www.rumah123.com/properti/jakarta-barat/hos11139844/#qid~1f9919b6-2578-4678-aa91-e24953424d5d,Rp,"2,1",Miliar,Dhyana Rumah 3.5lt Hadap Selatan di Komplek Kavling Polri,"Jelambar, Jakarta Barat",Tempat Jemuran,3,3,50 m²,128 m²,rumah,shm - sertifikat hak milik,,3,hos11139844,,,,baru,,,,,,,,,,,,,,,,,,
https://www.rumah123.com/properti/jakarta-utara/hos10217821/#qid~1f9919b6-2578-4678-aa91-e24953424d5d,Rp,"5,5",Miliar,Dijual Rumah Golf Island Untuk invest Pasti UntungPik Termurah!!!,"Pantai Indah Kapuk, Jakarta Utara","Taman,  Jogging Track,  Keamanan,  Ac,  Kolam Renang, Jalur Telepon, AC,  Jalur Telepon, Track Lari, CCTV",3,3,150 m²,160 m²,rumah,"lainnya (ppjb,girik,adat,dll)",4400 mah,1,hos10217821,1,1,,baru,2,,unfurnished,,,,,,,,,,,,,,,
https://www.rumah123.com/properti/jakarta-utara/hos11139237/#qid~1f9919b6-2578-4678-aa91-e24953424d5d,Rp,18,Miliar,Rumah Mewah Pik Pantai Indah Kapuk,"Pantai Indah Kapuk, Jakarta Utara","Taman, Jalur Telepon, Keamanan 24 jam,  One Gate System,  Playground, Tempat Jemuran,  Taman",4,4,360 m²,550 m²,rumah,shm - sertifikat hak milik,11000 mah,3,hos11139237,1,1,,bagus,2,,unfurnished,utara,,,,,,,,,,,,,,
https://www.rumah123.com/properti/jakarta-barat/hos11139210/#qid~1f9919b6-2578-4678-aa91-e24953424d5d,Rp,"4,9",Miliar,Andre Tjhia Rumah Kondisi Bagus di Permata Buana Dkt Puri Indah Nego,"Permata Buana, Jakarta Barat","Tempat Jemuran, Keamanan 24 jam, Taman",3,3,144 m²,220 m²,rumah,shm - sertifikat hak milik,3500 mah,2,hos11139210,1,1,,baru,,,furnished,utara,,,,,,,,,,,,,,
https://www.rumah123.com/properti/jakarta-barat/hos11139194/#qid~1f9919b6-2578-4678-aa91-e24953424d5d,Rp,18,Miliar,Andre Tjhia Puri Indah Rumah Mewah Dan Siap Huni di Jalan Utama Nego,"Puri Indah, Jakarta Barat","Tempat Jemuran, Keamanan 24 jam, Taman",4,3,600 m²,720 m²,rumah,shm - sertifikat hak milik,5500 mah,2,hos11139194,1,1,,baru,,,semi furnished,selatan,,,,,,,,,,,,,,
https://www.rumah123.com/properti/jakarta-utara/hos11139177/#qid~1f9919b6-2578-4678-aa91-e24953424d5d,Rp,"7,5",Miliar,"Axel Termurah Best Price Rumah Katamaran Pantai Indah Kapuk 8x27 2,5 Lantai","Pantai Indah Kapuk, Jakarta Utara","Keamanan 24 jam, Taman, Keamanan",4,4,216 m²,200 m²,rumah,shm - sertifikat hak milik,,2,hos11139177,1,1,,bagus,,,,utara,,,,,,,,,,,,,,
https://www.rumah123.com/properti/jakarta-selatan/hos11139154/#qid~1f9919b6-2578-4678-aa91-e24953424d5d,Rp,"8,05",Miliar,Andre Tjhia Rumah Hook di Cipete Selatan Bonus Bangunan Lokasi Premium,"Cipete, Jakarta Selatan","Kolam Renang, Keamanan 24 jam,  One Gate System, Akses Parkir, Track Lari,  Playground, Tempat Jemuran,  Taman",4,3,575 m²,264 m²,rumah,shm - sertifikat hak milik,3300 mah,1,hos11139154,,,,bagus,,,unfurnished,,,,,,,,,,,,,,,
https://www.rumah123.com/properti/jakarta-selatan/hos11139154/#qid~fbf64b4a-4bb4-495c-8a32-3cd48b03d20b,Rp,"8,05",Miliar,Andre Tjhia Rumah Hook di Cipete Selatan Bonus Bangunan Lokasi Premium,"Cipete, Jakarta Selatan","Kolam Renang, Keamanan 24 jam,  One Gate System, Akses Parkir, Track Lari,  Playground, Tempat Jemuran,  Taman",4,3,575 m²,264 m²,rumah,shm - sertifikat hak milik,3300 mah,1,hos11139154,,,,bagus,,,unfurnished,,,,,,,,,,,,,,,
https://www.rumah123.com/properti/jakarta-selatan/hos11027140/#qid~fbf64b4a-4bb4-495c-8a32-3cd48b03d20b,Rp,15,Miliar,"Rumah di Kemang Utara, Uk 15x23, SHM Harga 15 Milyar","Kemang, Jakarta Selatan","AC, Taman,  Jogging Track,  Keamanan",3,3,350 m²,250 m²,rumah,shm - sertifikat hak milik,7700 mah,2,hos11027140,1,1,,bagus sekali,2,1,semi furnished,timur,,,,,,,,,,,,,,
https://www.rumah123.com/properti/jakarta-barat/hos10805048/#qid~fbf64b4a-4bb4-495c-8a32-3cd48b03d20b,Rp,"3,8",Miliar,Andre Tjhia Tanjung Duren Rumah Bagus Jalan Sangat Lebar Bebas Banjir,"Tanjung Duren, Jakarta Barat","AC, Taman,  Jogging Track,  Keamanan",4,3,144 m²,208 m²,rumah,shm - sertifikat hak milik,2200 mah,2,hos10805048,1,1,,bagus sekali,2,1,semi furnished,selatan,,,,,,,,,,,,,,
https://www.rumah123.com/properti/jakarta-barat/hos10799175/#qid~fbf64b4a-4bb4-495c-8a32-3cd48b03d20b,Rp,"1,27",Miliar,Andre Tjhia Tanjung Duren Rumah Jln 1 Mobil Lantai 1 Ada Kmr Tdr,"Tanjung Duren, Jakarta Barat","Jogging Track, Taman,  Keamanan",3,3,33 m²,100 m²,rumah,shm - sertifikat hak milik,2200 mah,3,hos10799175,,,,baru,1,,unfurnished,,,,,,,,,,,,,,,
https://www.rumah123.com/properti/jakarta-barat/hos11131470/#qid~fbf64b4a-4bb4-495c-8a32-3cd48b03d20b,Rp,"1,8",Miliar,Andre Tjhia Jelambar Rumah Lebar Jalan 3 Mobil Bangunan 4 Lantai Bagus,"Jelambar, Jakarta Barat","Keamanan 24 jam, Keamanan",3,3,61 m²,144 m²,rumah,shm - sertifikat hak milik,2200 mah,4,hos11131470,,,,bagus,,,,,,,,,,,,,,,,,,
https://www.rumah123.com/properti/jakarta-barat/hos11131431/#qid~fbf64b4a-4bb4-495c-8a32-3cd48b03d20b,Rp,"1,45",Miliar,Andre Tjhia Rumah Bagus di Tanjung Duren Ukuran 5x11 Bangunan 2 Lantai,"Tanjung Duren, Jakarta Barat","Taman,  Jogging Track, Keamanan 24 jam,  One Gate System, Akses Parkir, Track Lari, Keamanan, Tempat Jemuran",3,2,55 m²,120 m²,rumah,shm - sertifikat hak milik,2200 mah,2,hos11131431,,,,baru,,,,selatan,,,,,,,,,,,,,,
https://www.rumah123.com/properti/jakarta-selatan/hos10697161/#qid~fbf64b4a-4bb4-495c-8a32-3cd48b03d20b,Rp,"1,95",Miliar,New Town House di Jln warung sila jagakarsa Jakarta selatan,"Jagakarsa, Jakarta Selatan","Kolam Renang, Taman,  Keamanan",3,3,95 m²,150 m²,rumah,shm - sertifikat hak milik,2200 mah,2,hos10697161,1,1,2022,,2,,semi furnished,selatan,,,,,,,,,,,,,,
https://www.rumah123.com/properti/jakarta-utara/hos10637822/#qid~fbf64b4a-4bb4-495c-8a32-3cd48b03d20b,Rp,"4,5",Miliar,"Rumah Grisenda PIK 6X20 SHM, Hadap Selatan","Taman Grisenda, Jakarta Utara","Taman,  Kolam Renang,  Jogging Track, Jalur Telepon,  Keamanan, Keamanan 24 jam,  CCTV, Track Lari, CCTV",4,4,120 m²,240 m²,rumah,shm - sertifikat hak milik,3500 mah,2,hos10637822,,,2021,baru,2,,unfurnished,selatan,,,,,,,,,,,,,,
https://www.rumah123.com/properti/jakarta-barat/hos10878062/#qid~fbf64b4a-4bb4-495c-8a32-3cd48b03d20b,Rp,15,Miliar,Rumah Intercon Hoek 425m2 Ada Swimming Pool,"Intercon, Jakarta Barat","Kolam Renang, Taman,  Jogging Track,  Keamanan,  Kolam Renang, Jalur Telepon, Keamanan 24 jam, AC,  Jalur Telepon, Ac, Track Lari, CCTV,  Taman",4,3,425 m²,500 m²,rumah,shm - sertifikat hak milik,11000 mah,2,hos10878062,1,1,,baru,2,2,semi furnished,selatan,,,,,,,,,,,,,,
https://www.rumah123.com/properti/jakarta-utara/hos10402099/#qid~fbf64b4a-4bb4-495c-8a32-3cd48b03d20b,Rp,"2,3",Miliar,Dijual Rumah Pik 2 6x12.5 HARGA MURAH!!!!,"Pantai Indah Kapuk, Jakarta Utara","Kolam Renang, Taman,  Jogging Track,  Keamanan, Jalur Telepon, AC,  Jalur Telepon, Ac,  CCTV, Track Lari, CCTV,  Taman",3,3,75 m²,100 m²,rumah,"lainnya (ppjb,girik,adat,dll)",4400 mah,2,hos10402099,1,1,,baru,1,1,unfurnished,,,,,,,,,,,,,,,
https://www.rumah123.com/properti/jakarta-utara/hos10391873/#qid~fbf64b4a-4bb4-495c-8a32-3cd48b03d20b,Rp,3,Miliar,Dijual Rumah Pik 2 6x15 TERMURAH!!!!,"Pantai Indah Kapuk, Jakarta Utara"," Jogging Track,  Ac,  Kolam Renang,  Jalur Telepon, Keamanan, CCTV,  Taman",3,3,90 m²,100 m²,rumah,"lainnya (ppjb,girik,adat,dll)",4400 mah,2,hos10391873,1,1,,baru,1,2,unfurnished,,,,,,,,,,,,,,,
https://www.rumah123.com/properti/jakarta-utara/hos10272724/#qid~fbf64b4a-4bb4-495c-8a32-3cd48b03d20b,Rp,4,Miliar,Cluster Danau Rumah Pik2 8X15 - Dekat Danau,"Pantai Indah Kapuk, Jakarta Utara"," Kolam Renang, Jalur Telepon,  Jalur Telepon, Jogging Track, Track Lari, Keamanan,  Taman",3,3,120 m²,146 m²,rumah,,4400 mah,2,hos10272724,1,1,2021,baru,2,,unfurnished,,,,,,,,,,,,,,,
https://www.rumah123.com/properti/jakarta-pusat/hos11136296/#qid~fbf64b4a-4bb4-495c-8a32-3cd48b03d20b,Rp,110,Miliar,Salah Satu Rumah Termewah Area Menteng. Ada Home Theatre,"Menteng, Jakarta Pusat",Kolam Renang,4,4,950 m²,1500 m²,rumah,shm - sertifikat hak milik,,3,hos11136296,,,,,,,,,,,,,,,,,,,,,,
https://www.rumah123.com/properti/jakarta-barat/hos10864900/#qid~99812524-8f47-4db6-bf39-5ce0a95d8b67,Rp,"2,9",Miliar,Axel Jamin Termurah Se Planet Dp Sebelum Diambil Yang Lain Green Lake City Australia 8x15 2 Lantai SHM,"Green Lake City, Jakarta Barat",Keamanan,3,3,120 m²,120 m²,rumah,shm - sertifikat hak milik,4400 mah,2,hos10864900,1,1,,,2,,,,,,,,,,,,,,,,,
https://www.rumah123.com/properti/jakarta-barat/hos10865747/#qid~99812524-8f47-4db6-bf39-5ce0a95d8b67,Rp,"5,4",Miliar,Axel Super Mewah Termurah Dekat Danau Super Mewah Fully Renov Fully Furnished Green Lake 10x18 2 Lantai,"Green Lake City, Jakarta Barat",AC,4,3,180 m²,250 m²,rumah,shm - sertifikat hak milik,,2,hos10865747,1,1,,bagus sekali,,,furnished,,,,,,,,,,,,,,,
https://www.rumah123.com/properti/jakarta-timur/hos10879472/#qid~99812524-8f47-4db6-bf39-5ce0a95d8b67,Rp,"2,6",Miliar,Terbaik High Quality Tanah Luas 100 Full Bata Merah di Rawamangun,"Rawamangun, Jakarta Timur","Taman,  Keamanan, Keamanan 24 jam,  One Gate System, Akses Parkir,  CCTV,  Taman, CCTV,  Playground, Tempat Jemuran,  Kolam Ikan",3,3,100 m²,135 m²,rumah,shm - sertifikat hak milik,3300 mah,2,hos10879472,1,1,2022,bagus,2,,unfurnished,,,,,,,,,,,,,,,
https://www.rumah123.com/properti/jakarta-barat/hos10992365/#qid~99812524-8f47-4db6-bf39-5ce0a95d8b67,Rp,"4,7",Miliar,Dhyana Rumah Luas 225m2 di Komplek Kavling Polri,"Jelambar, Jakarta Barat",Jalur Telepon,1,1,225 m²,255 m²,rumah,hgb - hak guna bangunan,,1,hos10992365,,,,bagus,,,,,,,,,,,,,,,,,,
https://www.rumah123.com/properti/jakarta-utara/hos9889626/#qid~99812524-8f47-4db6-bf39-5ce0a95d8b67,Rp,19,Miliar,Dijual Rumah Mewah Di Artha Gading Villa  Bagus Sekali,"Kelapa Gading, Jakarta Utara","Taman,  Jogging Track,  Keamanan, Jalur Telepon,  Ac,  Kolam Renang, Keamanan 24 jam, AC, Track Lari, CCTV,  Taman",,,,,rumah,,,,hos9889626,,,,,,,,,4,3,386 m²,1000 m²,4,shm - sertifikat hak milik,5500 mah,1,1,4,3,bagus sekali,semi furnished,barat daya
https://www.rumah123.com/properti/jakarta-timur/hos10121356/#qid~99812524-8f47-4db6-bf39-5ce0a95d8b67,Rp,640,Juta,Rumah Murah Di Pisangan Baru Jakarta Timur,"Cipinang, Jakarta Timur","Ac,  CCTV, Keamanan",2,2,36 m²,60 m²,rumah,shm - sertifikat hak milik,2200 mah,2,hos10121356,,,2022,baru,1,,unfurnished,utara,,,,,,,,,,,,,,
https://www.rumah123.com/properti/jakarta-barat/hos11075691/#qid~99812524-8f47-4db6-bf39-5ce0a95d8b67,Rp,3,Miliar,Chandra Rumah Lt 135m2 Bangunan Bagus di Jelambar,"Jelambar, Jakarta Barat",Jalur Telepon,3,3,135 m²,250 m²,rumah,shm - sertifikat hak milik,4400 mah,3,hos11075691,1,,,bagus,,,,,,,,,,,,,,,,,,
https://www.rumah123.com/properti/jakarta-barat/hos11075385/#qid~99812524-8f47-4db6-bf39-5ce0a95d8b67,Rp,"5,5",Miliar,Chandra Rumah Kos Baru Uk 8x17m Lokasi Bagus di Jelambar,"Jelambar, Jakarta Barat",Jalur Telepon,10,11,136 m²,336 m²,rumah,shm - sertifikat hak milik,,4,hos11075385,2,,2022,baru,,,furnished,,,,,,,,,,,,,,,
https://www.rumah123.com/properti/jakarta-barat/hos9450827/#qid~99812524-8f47-4db6-bf39-5ce0a95d8b67,Rp,"1,88",Miliar,"Rumah Rapih 2 Lantai Lokasi Super Strategis Bandengan, Angke","Angke, Jakarta Barat","Jalur Telepon, AC,  CCTV, Wastafel, Keamanan, Tempat Jemuran",5,3,160 m²,300 m²,rumah,,6600 mah,2,hos9450827,1,1,1976,sudah renovasi,1,1,unfurnished,selatan,,,,,,,,,,,,,,
https://www.rumah123.com/properti/jakarta-selatan/hos11039562/#qid~99812524-8f47-4db6-bf39-5ce0a95d8b67,Rp,5,Miliar,"Rumah Dan Siap Huni, Harga Nego, Ada Pool Bangunan Kokoh, Interior Modern","Gandaria, Jakarta Selatan","Taman, Keamanan",4,3,140 m²,355 m²,rumah,shm - sertifikat hak milik,2200 mah,3,hos11039562,1,1,2022,baru,2,,unfurnished,,,,,,,,,,,,,,,
https://www.rumah123.com/properti/jakarta-utara/hos11075824/#qid~99812524-8f47-4db6-bf39-5ce0a95d8b67,Rp,5,Miliar,Rumah Garden House PIK Luas Tanah 130 m2 Sudah Renov Termurah,"Pantai Indah Kapuk, Jakarta Utara","Kolam Renang, Taman,  Jogging Track,  Ac,  Kolam Renang, Keamanan 24 jam, AC,  CCTV, Track Lari, Keamanan, CCTV,  Taman",4,3,130 m²,182 m²,rumah,shm - sertifikat hak milik,5500 mah,2,hos11075824,1,1,,bagus sekali,2,,semi furnished,timur laut,,,,,,,,,,,,,,
https://www.rumah123.com/properti/jakarta-timur/hos10789743/#qid~99812524-8f47-4db6-bf39-5ce0a95d8b67,Rp,"3,3",Miliar,Rumah Dijual di Rawamangun By Rita Pang,"Rawamangun, Jakarta Timur","Taman,  Jogging Track,  Keamanan, Jalur Telepon,  Masjid",3,2,135 m²,200 m²,rumah,shm - sertifikat hak milik,2200 mah,3,hos10789743,1,,2000,,2,,semi furnished,barat,,,,,,,,,,,,,,
https://www.rumah123.com/properti/jakarta-utara/hos11074240/#qid~99812524-8f47-4db6-bf39-5ce0a95d8b67,Rp,"3,15",Miliar,"Dijual Brand New Rumah 8x12.5 PIK2, TERMURAH!","Pantai Indah Kapuk, Jakarta Utara"," Kolam Renang,  Jalur Telepon, Jogging Track, Keamanan,  Taman",3,3,100 m²,120 m²,rumah,"lainnya (ppjb,girik,adat,dll)",4400 mah,2,hos11074240,1,1,2022,baru,2,,unfurnished,selatan,,,,,,,,,,,,,,
https://www.rumah123.com/properti/jakarta-timur/hos11004265/#qid~99812524-8f47-4db6-bf39-5ce0a95d8b67,Rp,780,Juta,"Rumah Mewah di Pulogadung,Jakarta timur","Pulo Gadung, Jakarta Timur",Ac,3,3,37 m²,68 m²,rumah,shm - sertifikat hak milik,2200 mah,2,hos11004265,,,2022,baru,1,,unfurnished,barat,,,,,,,,,,,,,,
https://www.rumah123.com/properti/jakarta-timur/hos11004265/#qid~1608da07-ed77-470e-a22b-0840f104913d,Rp,780,Juta,"Rumah Mewah di Pulogadung,Jakarta timur","Pulo Gadung, Jakarta Timur",Ac,3,3,37 m²,68 m²,rumah,shm - sertifikat hak milik,2200 mah,2,hos11004265,,,2022,baru,1,,unfurnished,barat,,,,,,,,,,,,,,
https://www.rumah123.com/properti/jakarta-timur/hos9775807/#qid~1608da07-ed77-470e-a22b-0840f104913d,Rp,495,Juta,RUMAH 2 LANTAI MURAH MERIAH MODEL MINIMALIS  MONCOKERTO UTAN KAYU JAKARTA TIMUR,"Utan Kayu, Jakarta Timur",Keamanan,2,1,17 m²,33 m²,rumah,shm - sertifikat hak milik,2200 mah,2,hos9775807,,,2022,baru,,,unfurnished,,,,,,,,,,,,,,,
https://www.rumah123.com/properti/jakarta-selatan/hos9638593/#qid~1608da07-ed77-470e-a22b-0840f104913d,Rp,"5,2",Miliar,Townhouse Baru @ Urban Gandaria,"Gandaria, Jakarta Selatan",Kolam Renang,4,3,173 m²,337 m²,rumah,shm - sertifikat hak milik,4400 mah,1,hos9638593,1,,2020,baru,1,1,,,,,,,,,,,,,,,,
https://www.rumah123.com/properti/jakarta-selatan/hos9911075/#qid~1608da07-ed77-470e-a22b-0840f104913d,Rp,"1,45",Miliar,Rumah Siap Huni Akses 2 Mobil Dekat Pintu Tol Kukusan Beji,"Jagakarsa, Jakarta Selatan","Taman,  Keamanan,  Ac, Jalur Telepon, Keamanan 24 jam, AC, Masjid,  Jalur Telepon, Jogging Track,  CCTV, Track Lari, CCTV,  Taman",3,3,97 m²,130 m²,rumah,shm - sertifikat hak milik,2200 mah,2,hos9911075,1,1,2022,baru,2,2,semi furnished,timur,,,,,,,,,,,,,,
https://www.rumah123.com/properti/jakarta-selatan/hos11345343/#qid~1608da07-ed77-470e-a22b-0840f104913d,Rp,"21,9",Miliar,"Termurah se Pondok Indah JakSel
Beli harga tanah bonus bangunan","Pondok Indah, Jakarta Selatan",Jalur Telepon,6,5,850 m²,854 m²,rumah,shm - sertifikat hak milik,7700 mah,2,hos11345343,2,2,2007,bagus,,,unfurnished,,,,,,,,,,,,,,,
https://www.rumah123.com/properti/jakarta-selatan/hos11344886/#qid~1608da07-ed77-470e-a22b-0840f104913d,Rp,"3,7",Miliar,RUMAH BARU MEWAH MURAH STRATEGIS DEKAT RAGUNAN DI JAGAKARSA,"Jagakarsa, Jakarta Selatan","Tempat Jemuran, Kitchen Set, Taman, Keamanan",4,4,112 m²,240 m²,rumah,shm - sertifikat hak milik,2200 mah,3,hos11344886,2,1,2022,baru,2,2,unfurnished,timur,,,,,,,,,,,,,,
https://www.rumah123.com/properti/jakarta-utara/hos11343622/#qid~1608da07-ed77-470e-a22b-0840f104913d,Rp,39,Miliar,Rumah di Jalan pantai indah kapuk SHM Minimalis Bagus,"Pantai Indah Kapuk, Jakarta Utara"," Kolam Renang,  Jogging Track, Jalur Telepon,  Keamanan, Keamanan 24 jam, AC,  One Gate System, Akses Parkir, Kitchen Set, Ac, Track Lari, Tempat Jemuran,  Taman",6,6,640 m²,1300 m²,rumah,shm - sertifikat hak milik,10000 mah,1,hos11343622,,1,2014,bagus,,,semi furnished,selatan,,,,,,,,,,,,,,
https://www.rumah123.com/properti/jakarta-timur/hos7852082/#qid~1608da07-ed77-470e-a22b-0840f104913d,Rp,"2,5",Miliar,Rumah Mewah 2Lantai Full Bata Merah Di Rawamangun Jakarta Timur,"Rawamangun, Jakarta Timur","Taman,  AC, Ac,  Kitchen Set, Tempat Jemuran, Kulkas, Mesin Cuci",4,4,90 m²,135 m²,rumah,shm - sertifikat hak milik,3500 mah,2,hos7852082,,,2021,baru,,,furnished,,,,,,,,,,,,,,,
https://www.rumah123.com/properti/jakarta-barat/hos10070683/#qid~1608da07-ed77-470e-a22b-0840f104913d,Rp,562,Juta,Rumah murah dengan desaign yang cantik dan keren di area perkantoran  di Kota Jakarta Barat,"Tamansari, Jakarta Barat"," Keamanan, Keamanan 24 jam, AC,  One Gate System, Masjid, Ac, Wastafel",2,2,22 m²,42 m²,rumah,shm - sertifikat hak milik,2200 mah,2,hos10070683,,,2022,baru,,,unfurnished,,,,,,,,,,,,,,,
https://www.rumah123.com/properti/jakarta-timur/hos11341724/#qid~1608da07-ed77-470e-a22b-0840f104913d,Rp,"2,09",Miliar,Rumah 2 lantai pinggir jalan di area Pusat perkantoran,"Cipinang, Jakarta Timur","Taman,  Keamanan,  Ac, Jalur Telepon,  Akses Parkir, Keamanan 24 jam, AC,  One Gate System, Masjid,  Jalur Telepon,  CCTV, Wastafel, Tempat Jemuran,  Taman",2,3,58 m²,90 m²,rumah,shm - sertifikat hak milik,2200 mah,2,hos11341724,1,1,2022,baru,1,2,unfurnished,,,,,,,,,,,,,,,
https://www.rumah123.com/properti/jakarta-utara/hos11010034/#qid~9c272ab4-9313-4551-bc35-3884bf64db60,Rp,25,Miliar,Dijual Rumah BGM Model Langka TERMURAH!!!!,"Pantai Indah Kapuk, Jakarta Utara","Taman,  Jogging Track,  Keamanan, Jalur Telepon,  Ac,  Kolam Renang,  CCTV",5,5,578 m²,700 m²,rumah,"lainnya (ppjb,girik,adat,dll)",5500 mah,3,hos11010034,1,1,,bagus sekali,1,4,semi furnished,selatan,,,,,,,,,,,,,,
https://www.rumah123.com/properti/jakarta-barat/hos11001422/#qid~9c272ab4-9313-4551-bc35-3884bf64db60,Rp,"7,19",Miliar,Dijual Rumah Daerah Permata Buana Strategis TERMURAH!!!,"Permata Buana, Jakarta Barat"," Jogging Track,  Keamanan, Jalur Telepon,  Kolam Renang, Ac,  CCTV,  Taman",5,3,180 m²,250 m²,rumah,shm - sertifikat hak milik,5500 mah,3,hos11001422,1,1,,bagus sekali,1,2,semi furnished,utara,,,,,,,,,,,,,,
https://www.rumah123.com/properti/jakarta-barat/hos11341081/#qid~9c272ab4-9313-4551-bc35-3884bf64db60,Rp,921,Juta,Rumah murah dan mewah lokasi strategis di pusat kota Jakarta,"Kebon Jeruk, Jakarta Barat","Jalur Telepon,  Masjid, Wastafel, Keamanan",3,3,34 m²,67 m²,rumah,shm - sertifikat hak milik,2200 mah,2,hos11341081,,,2022,baru,1,1,unfurnished,,,,,,,,,,,,,,,
https://www.rumah123.com/properti/jakarta-selatan/hos8359622/#qid~9c272ab4-9313-4551-bc35-3884bf64db60,Rp,"7,8",Miliar,"Rumah Strategis Kemang, Ampera, Jakarta Selatan","Kemang, Jakarta Selatan"," Kolam Renang, Taman, Keamanan",4,4,320 m²,250 m²,rumah,shm - sertifikat hak milik,6600 mah,2,hos8359622,2,1,2014,bagus sekali,1,1,semi furnished,selatan,,,,,,,,,,,,,,
https://www.rumah123.com/properti/jakarta-utara/hos11338935/#qid~9c272ab4-9313-4551-bc35-3884bf64db60,Rp,9,Miliar,"Rumah Muara Karang 300m, Jalan Besar, Cocok Utk Komersil, Ruko, Gudang, Kantor","Muara Karang, Jakarta Utara",Tempat Jemuran,4,3,300 m²,450 m²,rumah,shm - sertifikat hak milik,7700 mah,2,hos11338935,1,1,,butuh renovasi,1,1,semi furnished,,,,,,,,,,,,,,,
https://www.rumah123.com/properti/jakarta-utara/hos10990873/#qid~9c272ab4-9313-4551-bc35-3884bf64db60,Rp,25,Miliar,Rumah Pik Brandnew Minimalis Lift Kolam Renang,"Pantai Indah Kapuk, Jakarta Utara","Jalur Telepon, Kolam Renang,  Jogging Track,  Keamanan",5,4,300 m²,500 m²,rumah,shm - sertifikat hak milik,5500 mah,1,hos10990873,,,,bagus,2,2,,,,,,,,,,,,,,,,
https://www.rumah123.com/properti/jakarta-utara/hos11246635/#qid~9c272ab4-9313-4551-bc35-3884bf64db60,Rp,"22,5",Miliar,Rumah Brand New Pantai Mutiara 560m2 Full Marmer,"Pantai Mutiara, Jakarta Utara"," Kolam Renang, Jalur Telepon, Keamanan 24 jam,  Akses Parkir,  One Gate System, Masjid,  CCTV, Tempat Jemuran,  Taman",4,4,560 m²,1200 m²,rumah,shm - sertifikat hak milik,11000 mah,1,hos11246635,1,1,,bagus,4,4,,selatan,,,,,,,,,,,,,,
https://www.rumah123.com/properti/jakarta-utara/hos11279294/#qid~9c272ab4-9313-4551-bc35-3884bf64db60,Rp,10,Miliar,Dijual Rumah Medit Boulevard Pik Mewah Pantai Indah Kapuk,"Pantai Indah Kapuk, Jakarta Utara"," Kolam Renang, Jalur Telepon,  Akses Parkir, Keamanan 24 jam,  One Gate System, Masjid,  CCTV, Tempat Jemuran,  Taman",5,5,270 m²,270 m²,rumah,shm - sertifikat hak milik,13200 mah,1,hos11279294,,,,bagus,,,,timur,,,,,,,,,,,,,,
https://www.rumah123.com/properti/jakarta-timur/hos8169216/#qid~9c272ab4-9313-4551-bc35-3884bf64db60,Rp,782,Juta,Rumah  Murah di cipinang muara Jakarta timur,"Jatinegara, Jakarta Timur","Keamanan 24 jam, Taman, Keamanan, One Gate System",2,2,33 m²,68 m²,rumah,shm - sertifikat hak milik,2200 mah,2,hos8169216,,,2022,baru,1,,unfurnished,selatan,,,,,,,,,,,,,,
https://www.rumah123.com/properti/jakarta-timur/hos11335881/#qid~9c272ab4-9313-4551-bc35-3884bf64db60,Rp,"1,4",Miliar,"Rumah Bernuasan Eropa Di Jakarta Timur Dengan Sky Balcony 1,4m An","Cakung, Jakarta Timur","Jalur Telepon, Keamanan 24 jam,  One Gate System, Akses Parkir,  CCTV, Track Lari, Wastafel,  Playground, Tempat Jemuran,  Taman",3,2,77 m²,88 m²,rumah,hgb - hak guna bangunan,2200 mah,3,hos11335881,,,2022,baru,1,,unfurnished,,,,,,,,,,,,,,,
https://www.rumah123.com/properti/jakarta-barat/hos11058909/#qid~9c272ab4-9313-4551-bc35-3884bf64db60,Rp,"1,88",Miliar,Rumah Baru 5x16 Di Meruya Utara Lokasi Bagus 1.88m,"Meruya, Jakarta Barat","Tempat Jemuran, Wastafel",3,3,80 m²,110 m²,rumah,shm - sertifikat hak milik,2200 mah,2,hos11058909,1,1,2022,baru,2,2,,,,,,,,,,,,,,,,
https://www.rumah123.com/properti/jakarta-barat/hos11255421/#qid~2ba9bb82-7d72-4151-86e5-bdbccc534e79,Rp,"2,2",Miliar,Hot Item Di Jakbar 5x25 Meruya Utara 2.25m,"Meruya, Jakarta Barat","Playground, Keamanan 24 jam, Wastafel, Tempat Jemuran,  Tempat Laundry",3,3,125 m²,140 m²,rumah,shm - sertifikat hak milik,2200 mah,2,hos11255421,1,1,2022,baru,2,2,unfurnished,,,,,,,,,,,,,,,
https://www.rumah123.com/properti/jakarta-barat/hos4450838/#qid~2ba9bb82-7d72-4151-86e5-bdbccc534e79,Rp,"6,5",Miliar,"Rumah Taman Permata Buana , Minimalis ,  Bagus . Brand new","Permata Buana, Jakarta Barat","Taman,  Jogging Track, Keamanan 24 jam, Track Lari, Keamanan",4,3,144 m²,400 m²,rumah,shm - sertifikat hak milik,2200 mah,3,hos4450838,1,1,2015,baru,2,2,unfurnished,utara,,,,,,,,,,,,,,
https://www.rumah123.com/properti/jakarta-timur/hos11335357/#qid~2ba9bb82-7d72-4151-86e5-bdbccc534e79,Rp,2,Miliar,"Rumah Siap Huni di Tb Simatupang Cuman 2 M, Bisa Dibantu Kpr","Pasar Rebo, Jakarta Timur","Taman, Jalur Telepon, Keamanan 24 jam,  One Gate System, Kitchen Set,  CCTV, Wastafel, Tempat Jemuran,  Taman",3,3,98 m²,92 m²,rumah,shm - sertifikat hak milik,2200 mah,2,hos11335357,1,1,2020,baru,1,,unfurnished,,,,,,,,,,,,,,,
https://www.rumah123.com/properti/jakarta-timur/hos11143584/#qid~2ba9bb82-7d72-4151-86e5-bdbccc534e79,Rp,709,Juta,Rumah Mewah SHM 2 Lantai jl lio rawamangun Jakarta Timur,"Rawamangun, Jakarta Timur","Akses Parkir, One Gate System",3,3,37 m²,57 m²,rumah,shm - sertifikat hak milik,2200 mah,2,hos11143584,,,2022,bagus,1,1,unfurnished,,,,,,,,,,,,,,,
https://www.rumah123.com/properti/jakarta-selatan/hos11334044/#qid~2ba9bb82-7d72-4151-86e5-bdbccc534e79,Rp,25,Miliar,RUMAH BARU MEWAH MURAH STRATEGIS DI SENOPATI KEBAYORAN BARU,"Senopati, Jakarta Selatan","Kolam Renang, Taman,  Keamanan, Keamanan 24 jam,  Kitchen Set, Wastafel, One Gate System, Tempat Jemuran, Kulkas,  Taman",4,4,200 m²,500 m²,rumah,shm - sertifikat hak milik,,3,hos11334044,2,1,2022,baru,2,2,semi furnished,timur,,,,,,,,,,,,,,
https://www.rumah123.com/properti/jakarta-timur/hos11036690/#qid~2ba9bb82-7d72-4151-86e5-bdbccc534e79,Rp,418,Juta,Rumah Murah 2 lantai di Utan Kayu di Jalan Kamboja Utan Kayu,"Utan Kayu, Jakarta Timur","Keamanan, Keamanan 24 jam, CCTV",2,1,18 m²,35 m²,rumah,shm - sertifikat hak milik,2200 mah,2,hos11036690,,,2022,baru,,,unfurnished,selatan,,,,,,,,,,,,,,
https://www.rumah123.com/properti/jakarta-timur/hos11313987/#qid~2ba9bb82-7d72-4151-86e5-bdbccc534e79,Rp,858,Juta,Rumah Modern Elegan 2 lantai di Jalan Lio Pulo Gadung SHM Baru,"Pulo Gadung, Jakarta Timur","Tempat Jemuran, Taman, Keamanan",3,3,39 m²,63 m²,rumah,shm - sertifikat hak milik,2200 mah,2,hos11313987,,,2022,baru,1,,unfurnished,barat,,,,,,,,,,,,,,
https://www.rumah123.com/properti/jakarta-pusat/hos11331578/#qid~2ba9bb82-7d72-4151-86e5-bdbccc534e79,Rp,506,Juta,"Rumah Murah Minimalis SHM di Sumur Batu Kemayoran, Jakarta Pusat","Cempaka Putih, Jakarta Pusat","Keamanan 24 jam, Taman",2,2,23 m²,43 m²,rumah,shm - sertifikat hak milik,2200 mah,2,hos11331578,,,2022,baru,,,unfurnished,selatan,,,,,,,,,,,,,,
https://www.rumah123.com/properti/jakarta-barat/hos11034253/#qid~2ba9bb82-7d72-4151-86e5-bdbccc534e79,Rp,528,Juta,Rumah Minimalis Murah di Jl. Taman Sari  Jakarta Barat 2 Lantai,"Tamansari, Jakarta Barat","Keamanan, CCTV",2,2,22 m²,42 m²,rumah,shm - sertifikat hak milik,2200 mah,2,hos11034253,,,2022,baru,,,unfurnished,timur,,,,,,,,,,,,,,
https://www.rumah123.com/properti/jakarta-timur/hos11313394/#qid~2ba9bb82-7d72-4151-86e5-bdbccc534e79,Rp,764,Juta,Rumah Minimalis Elegan 2 Lantai SHM di Matraman Jakarta Timur,"Matraman, Jakarta Timur","Keamanan 24 jam, CCTV,  One Gate System, Keamanan",2,1,32 m²,56 m²,rumah,shm - sertifikat hak milik,2200 mah,2,hos11313394,,,2022,baru,1,,unfurnished,timur,,,,,,,,,,,,,,
https://www.rumah123.com/properti/jakarta-pusat/hos11313860/#qid~2ba9bb82-7d72-4151-86e5-bdbccc534e79,Rp,"1,47",Miliar,Rumah Modern Elegan di Jalan Cempaka Putih Tengah Jakarta Pusat,"Cempaka Putih, Jakarta Pusat","Taman, Keamanan 24 jam,  One Gate System,  CCTV, Keamanan",3,2,36 m²,68 m²,rumah,shm - sertifikat hak milik,2200 mah,3,hos11313860,,,2022,baru,1,,unfurnished,utara,,,,,,,,,,,,,,
https://www.rumah123.com/properti/jakarta-barat/hos8192617/#qid~2ba9bb82-7d72-4151-86e5-bdbccc534e79,Rp,562,Juta,Rumah Murah di taman sari jakarta barat,"Tamansari, Jakarta Barat","Keamanan 24 jam, Taman, Keamanan",2,2,22 m²,42 m²,rumah,shm - sertifikat hak milik,2200 mah,2,hos8192617,,,2022,baru,,,unfurnished,timur,,,,,,,,,,,,,,
https://www.rumah123.com/properti/jakarta-timur/hos11141929/#qid~2ba9bb82-7d72-4151-86e5-bdbccc534e79,Rp,485,Juta,Cluster Minimalis SHM 2 Lantai di Kayumanis 8 Jakarta Timur,"Matraman, Jakarta Timur",One Gate System,2,2,25 m²,37 m²,rumah,shm - sertifikat hak milik,2200 mah,2,hos11141929,,,2021,bagus,,,unfurnished,,,,,,,,,,,,,,,
https://www.rumah123.com/properti/jakarta-pusat/hos11167172/#qid~2ba9bb82-7d72-4151-86e5-bdbccc534e79,Rp,477,Juta,Rumah Modern Harga Terjangkau SHM 2 Lantai di Sumur Batu,"Kemayoran, Jakarta Pusat",One Gate System,2,2,22 m²,40 m²,rumah,shm - sertifikat hak milik,2200 mah,2,hos11167172,,,2022,bagus,,,unfurnished,,,,,,,,,,,,,,,
